Mikasi {'ratio': 0.93, 'most_spent': 8000.0, 'biggest_cut': 5571.0, 'avg_deduct': 'TBA'}
Potts {'ratio': 0, 'most_spent': 0, 'biggest_cut': 2165.0, 'avg_deduct': 'TBA'}
Moemoekyun {'ratio': 0, 'most_spent': 0, 'biggest_cut': 5053.0, 'avg_deduct': 'TBA'}
Djsprautmave {'ratio': 0, 'most_spent': 0, 'biggest_cut': 1799.0, 'avg_deduct': 'TBA'}
Smno {'ratio': 0, 'most_spent': 0, 'biggest_cut': 2373.0, 'avg_deduct': 'TBA'}
Bloódthirst {'ratio': 0, 'most_spent': 0, 'biggest_cut': 4374.0, 'avg_deduct': 'TBA'}
Dishan {'ratio': 0, 'most_spent': 0, 'biggest_cut': 3614.0, 'avg_deduct': 'TBA'}
Nerdslayer {'ratio': 1.3, 'most_spent': 10000.0, 'biggest_cut': 4598.0, 'avg_deduct': 'TBA'}
Gigafrstx {'ratio': 0, 'most_spent': 0, 'biggest_cut': 1541.0, 'avg_deduct': 'TBA'}
Duck {'ratio': 0.03, 'most_spent': 500.0, 'biggest_cut': 6382.0, 'avg_deduct': 'TBA'}
Suzaka {'ratio': 1.88, 'most_spent': 14000.0, 'biggest_cut': 4089.0, 'avg_deduct': 'TBA'}
Alkasius {'ratio': 0, 'most_spent': 0, 'biggest_cut': 4193.0, 'avg_deduct': 'TBA'}
Johnnyrico {'ratio': 3.31, 'most_spent': 12000.0, 'biggest_cut': 2071.0, 'avg_deduct': 'TBA'}
Freezeme {'ratio': 0, 'most_spent': 0, 'biggest_cut': 1264.0, 'avg_deduct': 'TBA'}
Westen {'ratio': 0, 'most_spent': 0, 'biggest_cut': 4761.0, 'avg_deduct': 'TBA'}
Freezingmoon {'ratio': 2.51, 'most_spent': 7200.0, 'biggest_cut': 4376.0, 'avg_deduct': 'TBA'}
Shibochamp {'ratio': 0, 'most_spent': 0, 'biggest_cut': 1361.0, 'avg_deduct': 'TBA'}
Cruelmage {'ratio': 0, 'most_spent': 0, 'biggest_cut': 2887.0, 'avg_deduct': 'TBA'}
Depresifmage {'ratio': 0, 'most_spent': 0, 'biggest_cut': 1224.0, 'avg_deduct': 'TBA'}
Mepomba {'ratio': 0, 'most_spent': 0, 'biggest_cut': 1123.0, 'avg_deduct': 'TBA'}
Laèthriel {'ratio': 0, 'most_spent': 0, 'biggest_cut': 1096.0, 'avg_deduct': 'TBA'}
Cj {'ratio': 0, 'most_spent': 0, 'biggest_cut': 2886.0, 'avg_deduct': 'TBA'}
Lateralus {'ratio': 2.28, 'most_spent': 10000.0, 'biggest_cut': 3560.0, 'avg_deduct': 'TBA'}
Snajperista {'ratio': 0, 'most_spent': 0, 'biggest_cut': 1829.0, 'avg_deduct': 'TBA'}
Cw {'ratio': 0.06, 'most_spent': 600.0, 'biggest_cut': 7061.0, 'avg_deduct': 'TBA'}
Zivor {'ratio': 1.11, 'most_spent': 2500.0, 'biggest_cut': 2262.0, 'avg_deduct': 'TBA'}
Bolognese {'ratio': 3.04, 'most_spent': 23000.0, 'biggest_cut': 3681.0, 'avg_deduct': 'TBA'}
Petarus {'ratio': 0, 'most_spent': 0, 'biggest_cut': 5825.0, 'avg_deduct': 'TBA'}
Stromi {'ratio': 0, 'most_spent': 0, 'biggest_cut': 2673.0, 'avg_deduct': 'TBA'}
Wtsfearward {'ratio': 0, 'most_spent': 0, 'biggest_cut': 5300.0, 'avg_deduct': 'TBA'}
Deylah {'ratio': 0, 'most_spent': 0, 'biggest_cut': 1911.0, 'avg_deduct': 'TBA'}
Eprishia {'ratio': 0, 'most_spent': 0, 'biggest_cut': 1800.0, 'avg_deduct': 'TBA'}
Vallon {'ratio': 0, 'most_spent': 0, 'biggest_cut': 1617.0, 'avg_deduct': 'TBA'}
Mechapray {'ratio': 0, 'most_spent': 0, 'biggest_cut': 1598.0, 'avg_deduct': 'TBA'}
Dotspala {'ratio': 0.0, 'most_spent': 3.0, 'biggest_cut': 4294.0, 'avg_deduct': 'TBA'}
Elunari {'ratio': 0, 'most_spent': 0, 'biggest_cut': 3878.0, 'avg_deduct': 'TBA'}
Lightstor {'ratio': 0, 'most_spent': 0, 'biggest_cut': 933.0, 'avg_deduct': 'TBA'}
Xhealer {'ratio': 0.04, 'most_spent': 200.0, 'biggest_cut': 2467.0, 'avg_deduct': 'TBA'}
Kvekk {'ratio': 3.76, 'most_spent': 4000.0, 'biggest_cut': 1065.0, 'avg_deduct': 'TBA'}
Eltochas {'ratio': 5.97, 'most_spent': 3500.0, 'biggest_cut': 586.0, 'avg_deduct': 'TBA'}
Duckii {'ratio': 0, 'most_spent': 0, 'biggest_cut': 5834.0, 'avg_deduct': 'TBA'}
Buddhi {'ratio': 0, 'most_spent': 0, 'biggest_cut': 5345.0, 'avg_deduct': 'TBA'}
Morrgrim {'ratio': 0, 'most_spent': 0, 'biggest_cut': 4980.0, 'avg_deduct': 'TBA'}
Nickxiee {'ratio': 1.95, 'most_spent': 10000.0, 'biggest_cut': 5124.0, 'avg_deduct': 'TBA'}
Pvegirl {'ratio': 13.06, 'most_spent': 72000.0, 'biggest_cut': 5513.0, 'avg_deduct': 'TBA'}
Mosnotwcb {'ratio': 0, 'most_spent': 0, 'biggest_cut': 5333.0, 'avg_deduct': 'TBA'}
Tebatmar {'ratio': 0.2, 'most_spent': 1000.0, 'biggest_cut': 5084.0, 'avg_deduct': 'TBA'}
Yellowcake {'ratio': 0, 'most_spent': 0, 'biggest_cut': 4957.0, 'avg_deduct': 'TBA'}
Gigafrstqt {'ratio': 0, 'most_spent': 0, 'biggest_cut': 4808.0, 'avg_deduct': 'TBA'}
Benzina {'ratio': 0, 'most_spent': 0, 'biggest_cut': 4785.0, 'avg_deduct': 'TBA'}
Fullplate {'ratio': 1.65, 'most_spent': 15000.0, 'biggest_cut': 4743.0, 'avg_deduct': 'TBA'}
Simonas {'ratio': 0, 'most_spent': 0, 'biggest_cut': 4681.0, 'avg_deduct': 'TBA'}
Sporr {'ratio': 0, 'most_spent': 0, 'biggest_cut': 4564.0, 'avg_deduct': 'TBA'}
Ktlpump {'ratio': 0, 'most_spent': 0, 'biggest_cut': 4484.0, 'avg_deduct': 'TBA'}
Mandor {'ratio': 0, 'most_spent': 0, 'biggest_cut': 4614.0, 'avg_deduct': 'TBA'}
Nixennixen {'ratio': 0, 'most_spent': 0, 'biggest_cut': 4264.0, 'avg_deduct': 'TBA'}
Peacky {'ratio': 0, 'most_spent': 0, 'biggest_cut': 4068.0, 'avg_deduct': 'TBA'}
Mirabella {'ratio': 0, 'most_spent': 0, 'biggest_cut': 2654.0, 'avg_deduct': 'TBA'}
Ænema {'ratio': 1.07, 'most_spent': 5500.0, 'biggest_cut': 3079.0, 'avg_deduct': 'TBA'}
Rubydiamond {'ratio': 0, 'most_spent': 0, 'biggest_cut': 2833.0, 'avg_deduct': 'TBA'}
Stikkpilla {'ratio': 3.54, 'most_spent': 17500.0, 'biggest_cut': 3072.0, 'avg_deduct': 'TBA'}
Marìa {'ratio': 0, 'most_spent': 0, 'biggest_cut': 5570.0, 'avg_deduct': 'TBA'}
Walkover {'ratio': 0, 'most_spent': 0, 'biggest_cut': 3879.0, 'avg_deduct': 'TBA'}
Dotmeister {'ratio': 9.16, 'most_spent': 23500.0, 'biggest_cut': 2565.0, 'avg_deduct': 'TBA'}
Hamstring {'ratio': 3.49, 'most_spent': 60000.0, 'biggest_cut': 7219.0, 'avg_deduct': 'TBA'}
Oinkipoinki {'ratio': 0, 'most_spent': 0, 'biggest_cut': 7219.0, 'avg_deduct': 'TBA'}
Wøx {'ratio': 0, 'most_spent': 0, 'biggest_cut': 6889.0, 'avg_deduct': 'TBA'}
Haschel {'ratio': 0, 'most_spent': 0, 'biggest_cut': 6889.0, 'avg_deduct': 'TBA'}
Colmanotiny {'ratio': 0, 'most_spent': 0, 'biggest_cut': 6242.0, 'avg_deduct': 'TBA'}
Ketaschep {'ratio': 0, 'most_spent': 0, 'biggest_cut': 5064.0, 'avg_deduct': 'TBA'}
Fallingstate {'ratio': 0, 'most_spent': 0, 'biggest_cut': 4387.0, 'avg_deduct': 'TBA'}
Mursupappi {'ratio': 0, 'most_spent': 0, 'biggest_cut': 4445.0, 'avg_deduct': 'TBA'}
Hilarius {'ratio': 0.22, 'most_spent': 1000.0, 'biggest_cut': 4474.0, 'avg_deduct': 'TBA'}
Aliasmight {'ratio': 0, 'most_spent': 0, 'biggest_cut': 4669.0, 'avg_deduct': 'TBA'}
Grollbärchen {'ratio': 0.47, 'most_spent': 2800.0, 'biggest_cut': 4087.0, 'avg_deduct': 'TBA'}
Tricia {'ratio': 1.43, 'most_spent': 7000.0, 'biggest_cut': 3812.0, 'avg_deduct': 'TBA'}
Holydady {'ratio': 2.24, 'most_spent': 8500.0, 'biggest_cut': 3798.0, 'avg_deduct': 'TBA'}
Isilyra {'ratio': 3.3, 'most_spent': 14100.0, 'biggest_cut': 4011.0, 'avg_deduct': 'TBA'}
Imblack {'ratio': 0, 'most_spent': 0, 'biggest_cut': 3463.0, 'avg_deduct': 'TBA'}
Nights {'ratio': 0, 'most_spent': 0, 'biggest_cut': 6666.0, 'avg_deduct': 'TBA'}
Nosgov {'ratio': 0, 'most_spent': 0, 'biggest_cut': 6008.0, 'avg_deduct': 'TBA'}
Warriijet {'ratio': 5.05, 'most_spent': 40000.0, 'biggest_cut': 4732.0, 'avg_deduct': 'TBA'}
Quezi {'ratio': 0.19, 'most_spent': 1500.0, 'biggest_cut': 4721.0, 'avg_deduct': 'TBA'}
Scoop {'ratio': 0, 'most_spent': 0, 'biggest_cut': 5632.0, 'avg_deduct': 'TBA'}
Warrdead {'ratio': 2.12, 'most_spent': 12000.0, 'biggest_cut': 5725.0, 'avg_deduct': 'TBA'}
Georgepig {'ratio': 6.82, 'most_spent': 41000.0, 'biggest_cut': 4513.0, 'avg_deduct': 'TBA'}
Lilwarley {'ratio': 2.45, 'most_spent': 18000.0, 'biggest_cut': 4295.0, 'avg_deduct': 'TBA'}
Giken {'ratio': 0, 'most_spent': 0, 'biggest_cut': 4231.0, 'avg_deduct': 'TBA'}
Idsapthatt {'ratio': 0, 'most_spent': 0, 'biggest_cut': 3921.0, 'avg_deduct': 'TBA'}
Jezuz {'ratio': 0, 'most_spent': 0, 'biggest_cut': 3874.0, 'avg_deduct': 'TBA'}
Mechalina {'ratio': 0, 'most_spent': 0, 'biggest_cut': 5381.0, 'avg_deduct': 'TBA'}
Spor {'ratio': 0.14, 'most_spent': 1234.0, 'biggest_cut': 4241.0, 'avg_deduct': 'TBA'}
Ktlx {'ratio': 0, 'most_spent': 0, 'biggest_cut': 4966.0, 'avg_deduct': 'TBA'}
Bijboaca {'ratio': 1.46, 'most_spent': 8300.0, 'biggest_cut': 5678.0, 'avg_deduct': 'TBA'}
Quipp {'ratio': 2.9, 'most_spent': 8000.0, 'biggest_cut': 2849.0, 'avg_deduct': 'TBA'}
Saí {'ratio': 1.79, 'most_spent': 9000.0, 'biggest_cut': 2991.0, 'avg_deduct': 'TBA'}
Namez {'ratio': 3.41, 'most_spent': 14000.0, 'biggest_cut': 2553.0, 'avg_deduct': 'TBA'}
Whoopzz {'ratio': 1.51, 'most_spent': 7500.0, 'biggest_cut': 4983.0, 'avg_deduct': 'TBA'}
Salia {'ratio': 0, 'most_spent': 0, 'biggest_cut': 3857.0, 'avg_deduct': 'TBA'}
Pendlicious {'ratio': 6.87, 'most_spent': 31000.0, 'biggest_cut': 3515.0, 'avg_deduct': 'TBA'}
Ababolatodav {'ratio': 2.12, 'most_spent': 3500.0, 'biggest_cut': 1653.0, 'avg_deduct': 'TBA'}
Krobianqt {'ratio': 7.21, 'most_spent': 90000.0, 'biggest_cut': 8100.0, 'avg_deduct': 'TBA'}
Zelor {'ratio': 0.18, 'most_spent': 2000.0, 'biggest_cut': 5721.0, 'avg_deduct': 'TBA'}
Strommi {'ratio': 0, 'most_spent': 0, 'biggest_cut': 5368.0, 'avg_deduct': 'TBA'}
Skysong {'ratio': 0.07, 'most_spent': 500.0, 'biggest_cut': 7389.0, 'avg_deduct': 'TBA'}
Climaxz {'ratio': 0, 'most_spent': 0, 'biggest_cut': 5698.0, 'avg_deduct': 'TBA'}
Alpha {'ratio': 0, 'most_spent': 0, 'biggest_cut': 4225.0, 'avg_deduct': 'TBA'}
Nickxioo {'ratio': 0.32, 'most_spent': 2400.0, 'biggest_cut': 4151.0, 'avg_deduct': 'TBA'}
Stress {'ratio': 0, 'most_spent': 0, 'biggest_cut': 3909.0, 'avg_deduct': 'TBA'}
Pillaadin {'ratio': 0.43, 'most_spent': 2000.0, 'biggest_cut': 4699.0, 'avg_deduct': 'TBA'}
Ikeaa {'ratio': 0.2, 'most_spent': 2000.0, 'biggest_cut': 4233.0, 'avg_deduct': 'TBA'}
Senra {'ratio': 0, 'most_spent': 0, 'biggest_cut': 3119.0, 'avg_deduct': 'TBA'}
Pantherion {'ratio': 1.79, 'most_spent': 11000.0, 'biggest_cut': 4123.0, 'avg_deduct': 'TBA'}
Bepantena {'ratio': 0.34, 'most_spent': 1000.0, 'biggest_cut': 2923.0, 'avg_deduct': 'TBA'}
Eggnocx {'ratio': 0, 'most_spent': 0, 'biggest_cut': 7035.0, 'avg_deduct': 'TBA'}
Thicfury {'ratio': 16.27, 'most_spent': 135500.0, 'biggest_cut': 6638.0, 'avg_deduct': 'TBA'}
Pvebanana {'ratio': 0.78, 'most_spent': 5000.0, 'biggest_cut': 6425.0, 'avg_deduct': 'TBA'}
Shortstuff {'ratio': 0, 'most_spent': 0, 'biggest_cut': 6400.0, 'avg_deduct': 'TBA'}
Hp {'ratio': 0, 'most_spent': 0, 'biggest_cut': 6180.0, 'avg_deduct': 'TBA'}
Rah {'ratio': 0, 'most_spent': 0, 'biggest_cut': 6029.0, 'avg_deduct': 'TBA'}
Azuremuffin {'ratio': 0.51, 'most_spent': 3000.0, 'biggest_cut': 5871.0, 'avg_deduct': 'TBA'}
Barknobite {'ratio': 0, 'most_spent': 0, 'biggest_cut': 5499.0, 'avg_deduct': 'TBA'}
Dolanpump {'ratio': 1.48, 'most_spent': 11000.0, 'biggest_cut': 5837.0, 'avg_deduct': 'TBA'}
Artthass {'ratio': 0, 'most_spent': 0, 'biggest_cut': 5644.0, 'avg_deduct': 'TBA'}
Dvp {'ratio': 0, 'most_spent': 0, 'biggest_cut': 5159.0, 'avg_deduct': 'TBA'}
Erayzer {'ratio': 0, 'most_spent': 0, 'biggest_cut': 4822.0, 'avg_deduct': 'TBA'}
Paula {'ratio': 0, 'most_spent': 0, 'biggest_cut': 4766.0, 'avg_deduct': 'TBA'}
Janjá {'ratio': 0, 'most_spent': 0, 'biggest_cut': 4124.0, 'avg_deduct': 'TBA'}
Zipperli {'ratio': 0, 'most_spent': 0, 'biggest_cut': 5340.0, 'avg_deduct': 'TBA'}
Sorfin {'ratio': 0, 'most_spent': 0, 'biggest_cut': 4514.0, 'avg_deduct': 'TBA'}
Biddown {'ratio': 3.32, 'most_spent': 21000.0, 'biggest_cut': 4059.0, 'avg_deduct': 'TBA'}
Titaniùm {'ratio': 0.75, 'most_spent': 3000.0, 'biggest_cut': 4022.0, 'avg_deduct': 'TBA'}
Nusplie {'ratio': 0, 'most_spent': 0, 'biggest_cut': 3778.0, 'avg_deduct': 'TBA'}
Myln {'ratio': 0, 'most_spent': 0, 'biggest_cut': 4499.0, 'avg_deduct': 'TBA'}
Jambi {'ratio': 1.76, 'most_spent': 5500.0, 'biggest_cut': 3119.0, 'avg_deduct': 'TBA'}
Pxy {'ratio': 0, 'most_spent': 0, 'biggest_cut': 4748.0, 'avg_deduct': 'TBA'}
Catschen {'ratio': 0, 'most_spent': 0, 'biggest_cut': 6258.0, 'avg_deduct': 'TBA'}
Tusqer {'ratio': 11.56, 'most_spent': 98000.0, 'biggest_cut': 8474.0, 'avg_deduct': 'TBA'}
Nickxie {'ratio': 0.94, 'most_spent': 9000.0, 'biggest_cut': 7736.0, 'avg_deduct': 'TBA'}
Oinkipoink {'ratio': 0.21, 'most_spent': 2500.0, 'biggest_cut': 7736.0, 'avg_deduct': 'TBA'}
Dejlia {'ratio': 0, 'most_spent': 0, 'biggest_cut': 7736.0, 'avg_deduct': 'TBA'}
Stormmis {'ratio': 0.73, 'most_spent': 8400.0, 'biggest_cut': 7563.0, 'avg_deduct': 'TBA'}
Rnw {'ratio': 0, 'most_spent': 0, 'biggest_cut': 6255.0, 'avg_deduct': 'TBA'}
Pendsito {'ratio': 0, 'most_spent': 0, 'biggest_cut': 5743.0, 'avg_deduct': 'TBA'}
Anykey {'ratio': 0, 'most_spent': 0, 'biggest_cut': 4831.0, 'avg_deduct': 'TBA'}
Lightgodx {'ratio': 0, 'most_spent': 0, 'biggest_cut': 5144.0, 'avg_deduct': 'TBA'}
Arasuruv {'ratio': 0, 'most_spent': 0, 'biggest_cut': 5785.0, 'avg_deduct': 'TBA'}
Prodor {'ratio': 0, 'most_spent': 0, 'biggest_cut': 4646.0, 'avg_deduct': 'TBA'}
Vendorbait {'ratio': 0, 'most_spent': 0, 'biggest_cut': 5088.0, 'avg_deduct': 'TBA'}
Hips {'ratio': 3.59, 'most_spent': 17000.0, 'biggest_cut': 4736.0, 'avg_deduct': 'TBA'}
Tizanidin {'ratio': 5.4, 'most_spent': 18000.0, 'biggest_cut': 3335.0, 'avg_deduct': 'TBA'}
Kankan {'ratio': 0, 'most_spent': 0, 'biggest_cut': 4748.0, 'avg_deduct': 'TBA'}
Katashi {'ratio': 0, 'most_spent': 0, 'biggest_cut': 3508.0, 'avg_deduct': 'TBA'}
Habiibi {'ratio': 0, 'most_spent': 0, 'biggest_cut': 2909.0, 'avg_deduct': 'TBA'}
Tusqai {'ratio': 0, 'most_spent': 0, 'biggest_cut': 2468.0, 'avg_deduct': 'TBA'}
Samo {'ratio': 0.62, 'most_spent': 1300.0, 'biggest_cut': 2093.0, 'avg_deduct': 'TBA'}
Flicnlic {'ratio': 0, 'most_spent': 0, 'biggest_cut': 2714.0, 'avg_deduct': 'TBA'}
Eoria {'ratio': 0, 'most_spent': 0, 'biggest_cut': 1964.0, 'avg_deduct': 'TBA'}
Dontworri {'ratio': 1.17, 'most_spent': 1800.0, 'biggest_cut': 1537.0, 'avg_deduct': 'TBA'}
Inthebin {'ratio': 0, 'most_spent': 0, 'biggest_cut': 5156.0, 'avg_deduct': 'TBA'}
Infact {'ratio': 0, 'most_spent': 0, 'biggest_cut': 3890.0, 'avg_deduct': 'TBA'}
Cocostegui {'ratio': 3.01, 'most_spent': 13000.0, 'biggest_cut': 2669.0, 'avg_deduct': 'TBA'}
Aye {'ratio': 0, 'most_spent': 0, 'biggest_cut': 2269.0, 'avg_deduct': 'TBA'}
Lilzelts {'ratio': 2.6, 'most_spent': 12000.0, 'biggest_cut': 4325.0, 'avg_deduct': 'TBA'}
Exile {'ratio': 4.86, 'most_spent': 24500.0, 'biggest_cut': 4923.0, 'avg_deduct': 'TBA'}
Cocosteguii {'ratio': 2.58, 'most_spent': 3000.0, 'biggest_cut': 1164.0, 'avg_deduct': 'TBA'}
Whoopwhoopz {'ratio': 6.93, 'most_spent': 10000.0, 'biggest_cut': 1281.0, 'avg_deduct': 'TBA'}
Tulsadoom {'ratio': 0, 'most_spent': 0, 'biggest_cut': 2537.0, 'avg_deduct': 'TBA'}
Akagamii {'ratio': 0, 'most_spent': 0, 'biggest_cut': 1010.0, 'avg_deduct': 'TBA'}
Mechayap {'ratio': 2.45, 'most_spent': 8000.0, 'biggest_cut': 3295.0, 'avg_deduct': 'TBA'}
Younglock {'ratio': 0, 'most_spent': 0, 'biggest_cut': 2485.0, 'avg_deduct': 'TBA'}
Deumeu {'ratio': 2.11, 'most_spent': 4500.0, 'biggest_cut': 1339.0, 'avg_deduct': 'TBA'}
Revenge {'ratio': 6.17, 'most_spent': 14999.0, 'biggest_cut': 1634.0, 'avg_deduct': 'TBA'}
Supmaria {'ratio': 8.24, 'most_spent': 15500.0, 'biggest_cut': 1070.0, 'avg_deduct': 'TBA'}
Minithai {'ratio': 42.79, 'most_spent': 33420.0, 'biggest_cut': 496.0, 'avg_deduct': 'TBA'}
Fullback {'ratio': 0, 'most_spent': 0, 'biggest_cut': 4638.0, 'avg_deduct': 'TBA'}
Rimela {'ratio': 0.41, 'most_spent': 1000.0, 'biggest_cut': 2445.0, 'avg_deduct': 'TBA'}
Letmehealyou {'ratio': 0, 'most_spent': 0, 'biggest_cut': 6094.0, 'avg_deduct': 'TBA'}
Atrew {'ratio': 0, 'most_spent': 0, 'biggest_cut': 3246.0, 'avg_deduct': 'TBA'}
Uncleducki {'ratio': 1.27, 'most_spent': 4800.0, 'biggest_cut': 3774.0, 'avg_deduct': 'TBA'}
Nevve {'ratio': 0, 'most_spent': 0, 'biggest_cut': 1775.0, 'avg_deduct': 'TBA'}
Wtsrend {'ratio': 0, 'most_spent': 0, 'biggest_cut': 1768.0, 'avg_deduct': 'TBA'}
Dougle {'ratio': 0, 'most_spent': 0, 'biggest_cut': 1734.0, 'avg_deduct': 'TBA'}
Lahierbas {'ratio': 0.76, 'most_spent': 5500.0, 'biggest_cut': 4522.0, 'avg_deduct': 'TBA'}
Stromy {'ratio': 0.59, 'most_spent': 5000.0, 'biggest_cut': 5069.0, 'avg_deduct': 'TBA'}
Phemme {'ratio': 0, 'most_spent': 0, 'biggest_cut': 1756.0, 'avg_deduct': 'TBA'}
Ashanie {'ratio': 0, 'most_spent': 0, 'biggest_cut': 3820.0, 'avg_deduct': 'TBA'}
Kankanx {'ratio': 0, 'most_spent': 0, 'biggest_cut': 4903.0, 'avg_deduct': 'TBA'}
Oillordx {'ratio': 0, 'most_spent': 0, 'biggest_cut': 5477.0, 'avg_deduct': 'TBA'}
Aerokdelcycl {'ratio': 0, 'most_spent': 0, 'biggest_cut': 4425.0, 'avg_deduct': 'TBA'}
Vanka {'ratio': 0, 'most_spent': 0, 'biggest_cut': 4116.0, 'avg_deduct': 'TBA'}
Pvemom {'ratio': 2.46, 'most_spent': 10000.0, 'biggest_cut': 4071.0, 'avg_deduct': 'TBA'}
Canttwo {'ratio': 0, 'most_spent': 0, 'biggest_cut': 4064.0, 'avg_deduct': 'TBA'}
Ize {'ratio': 0, 'most_spent': 0, 'biggest_cut': 3733.0, 'avg_deduct': 'TBA'}
Thunderfurý {'ratio': 0, 'most_spent': 0, 'biggest_cut': 3954.0, 'avg_deduct': 'TBA'}
Xuck {'ratio': 0, 'most_spent': 0, 'biggest_cut': 3582.0, 'avg_deduct': 'TBA'}
Rekerina {'ratio': 2.23, 'most_spent': 11000.0, 'biggest_cut': 3553.0, 'avg_deduct': 'TBA'}
Drenched {'ratio': 0, 'most_spent': 0, 'biggest_cut': 3508.0, 'avg_deduct': 'TBA'}
Shibo {'ratio': 0, 'most_spent': 0, 'biggest_cut': 3271.0, 'avg_deduct': 'TBA'}
Jimmy {'ratio': 4.93, 'most_spent': 20000.0, 'biggest_cut': 3168.0, 'avg_deduct': 'TBA'}
Pumpmage {'ratio': 1.16, 'most_spent': 3400.0, 'biggest_cut': 2941.0, 'avg_deduct': 'TBA'}
Mechatroll {'ratio': 5.0, 'most_spent': 15500.0, 'biggest_cut': 2642.0, 'avg_deduct': 'TBA'}
Darkplace {'ratio': 0, 'most_spent': 0, 'biggest_cut': 3414.0, 'avg_deduct': 'TBA'}
Rívench {'ratio': 0, 'most_spent': 0, 'biggest_cut': 2657.0, 'avg_deduct': 'TBA'}
Mystra {'ratio': 7.67, 'most_spent': 26500.0, 'biggest_cut': 2333.0, 'avg_deduct': 'TBA'}
Velasquez {'ratio': 0, 'most_spent': 0, 'biggest_cut': 3056.0, 'avg_deduct': 'TBA'}
Zester {'ratio': 0, 'most_spent': 0, 'biggest_cut': 3153.0, 'avg_deduct': 'TBA'}
Chinesename {'ratio': 0, 'most_spent': 0, 'biggest_cut': 4972.0, 'avg_deduct': 'TBA'}
Destinations {'ratio': 0, 'most_spent': 0, 'biggest_cut': 4972.0, 'avg_deduct': 'TBA'}
Jakej {'ratio': 0, 'most_spent': 0, 'biggest_cut': 4723.0, 'avg_deduct': 'TBA'}
Gdkpgeci {'ratio': 0, 'most_spent': 0, 'biggest_cut': 4284.0, 'avg_deduct': 'TBA'}
Anestezi {'ratio': 4.57, 'most_spent': 19000.0, 'biggest_cut': 4157.0, 'avg_deduct': 'TBA'}
Pouyapm {'ratio': 0, 'most_spent': 0, 'biggest_cut': 3670.0, 'avg_deduct': 'TBA'}
Lucker {'ratio': 0, 'most_spent': 0, 'biggest_cut': 3661.0, 'avg_deduct': 'TBA'}
Priestli {'ratio': 1.27, 'most_spent': 4500.0, 'biggest_cut': 3530.0, 'avg_deduct': 'TBA'}
Zeltkalis {'ratio': 0, 'most_spent': 0, 'biggest_cut': 3401.0, 'avg_deduct': 'TBA'}
Agyaire {'ratio': 0, 'most_spent': 0, 'biggest_cut': 3004.0, 'avg_deduct': 'TBA'}
Milarii {'ratio': 0, 'most_spent': 0, 'biggest_cut': 3053.0, 'avg_deduct': 'TBA'}
Darkraddan {'ratio': 1.65, 'most_spent': 10000.0, 'biggest_cut': 2832.0, 'avg_deduct': 'TBA'}
Requíem {'ratio': 0, 'most_spent': 0, 'biggest_cut': 1789.0, 'avg_deduct': 'TBA'}
Sunderslave {'ratio': 0, 'most_spent': 0, 'biggest_cut': 3996.0, 'avg_deduct': 'TBA'}
Obivankanobi {'ratio': 0, 'most_spent': 0, 'biggest_cut': 3809.0, 'avg_deduct': 'TBA'}
Avp {'ratio': 0, 'most_spent': 0, 'biggest_cut': 3778.0, 'avg_deduct': 'TBA'}
Wrathzor {'ratio': 0, 'most_spent': 0, 'biggest_cut': 3583.0, 'avg_deduct': 'TBA'}
Shatex {'ratio': 0, 'most_spent': 0, 'biggest_cut': 3759.0, 'avg_deduct': 'TBA'}
Sodnotwithme {'ratio': 0, 'most_spent': 0, 'biggest_cut': 4023.0, 'avg_deduct': 'TBA'}
Gannarc {'ratio': 0, 'most_spent': 0, 'biggest_cut': 3871.0, 'avg_deduct': 'TBA'}
Stellario {'ratio': 0, 'most_spent': 0, 'biggest_cut': 3425.0, 'avg_deduct': 'TBA'}
Integra {'ratio': 0, 'most_spent': 0, 'biggest_cut': 3195.0, 'avg_deduct': 'TBA'}
Martini {'ratio': 0.17, 'most_spent': 500.0, 'biggest_cut': 2937.0, 'avg_deduct': 'TBA'}
Shadowgnome {'ratio': 2.78, 'most_spent': 8000.0, 'biggest_cut': 2881.0, 'avg_deduct': 'TBA'}
Xinda {'ratio': 1.75, 'most_spent': 5000.0, 'biggest_cut': 2861.0, 'avg_deduct': 'TBA'}
Glancéalot {'ratio': 0, 'most_spent': 0, 'biggest_cut': 2846.0, 'avg_deduct': 'TBA'}
Angrylinii {'ratio': 1.13, 'most_spent': 3000.0, 'biggest_cut': 2659.0, 'avg_deduct': 'TBA'}
Magierli {'ratio': 3.6, 'most_spent': 10000.0, 'biggest_cut': 2779.0, 'avg_deduct': 'TBA'}
Hideandrun {'ratio': 0, 'most_spent': 0, 'biggest_cut': 2757.0, 'avg_deduct': 'TBA'}
Mursu {'ratio': 0, 'most_spent': 0, 'biggest_cut': 2804.0, 'avg_deduct': 'TBA'}
Blazzex {'ratio': 10.2, 'most_spent': 24000.0, 'biggest_cut': 2354.0, 'avg_deduct': 'TBA'}
Buka {'ratio': 11.84, 'most_spent': 16500.0, 'biggest_cut': 1393.0, 'avg_deduct': 'TBA'}
Turin {'ratio': 0, 'most_spent': 0, 'biggest_cut': 2558.0, 'avg_deduct': 'TBA'}
Doomflare {'ratio': 0, 'most_spent': 0, 'biggest_cut': 3014.0, 'avg_deduct': 'TBA'}
Optimmus {'ratio': 31.67, 'most_spent': 38000.0, 'biggest_cut': 1200.0, 'avg_deduct': 'TBA'}
Larre {'ratio': 0, 'most_spent': 0, 'biggest_cut': 4239.0, 'avg_deduct': 'TBA'}
Switchblade {'ratio': 0, 'most_spent': 0, 'biggest_cut': 4638.0, 'avg_deduct': 'TBA'}
Mechatoxic {'ratio': 0, 'most_spent': 0, 'biggest_cut': 4406.0, 'avg_deduct': 'TBA'}
Cq {'ratio': 2.75, 'most_spent': 10000.0, 'biggest_cut': 3642.0, 'avg_deduct': 'TBA'}
Mikasiqt {'ratio': 0, 'most_spent': 0, 'biggest_cut': 3614.0, 'avg_deduct': 'TBA'}
Thepriestess {'ratio': 0, 'most_spent': 0, 'biggest_cut': 3226.0, 'avg_deduct': 'TBA'}
Dudwhitemane {'ratio': 0, 'most_spent': 0, 'biggest_cut': 3245.0, 'avg_deduct': 'TBA'}
Mikaelson {'ratio': 0, 'most_spent': 0, 'biggest_cut': 2546.0, 'avg_deduct': 'TBA'}
Incihan {'ratio': 0, 'most_spent': 0, 'biggest_cut': 3153.0, 'avg_deduct': 'TBA'}
Eldragon {'ratio': 0, 'most_spent': 0, 'biggest_cut': 3142.0, 'avg_deduct': 'TBA'}
Tóm {'ratio': 2.98, 'most_spent': 4500.0, 'biggest_cut': 1509.0, 'avg_deduct': 'TBA'}
Ariadne {'ratio': 18.65, 'most_spent': 50000.0, 'biggest_cut': 2681.0, 'avg_deduct': 'TBA'}
Wrathzore {'ratio': 0.25, 'most_spent': 2000.0, 'biggest_cut': 5020.0, 'avg_deduct': 'TBA'}
Pvebro {'ratio': 0, 'most_spent': 0, 'biggest_cut': 2873.0, 'avg_deduct': 'TBA'}
Pender {'ratio': 9.47, 'most_spent': 85000.0, 'biggest_cut': 6187.0, 'avg_deduct': 'TBA'}
Executy {'ratio': 0, 'most_spent': 0, 'biggest_cut': 2929.0, 'avg_deduct': 'TBA'}
Asmonbaldz {'ratio': 0, 'most_spent': 0, 'biggest_cut': 4174.0, 'avg_deduct': 'TBA'}
Zugzuggood {'ratio': 0, 'most_spent': 0, 'biggest_cut': 4947.0, 'avg_deduct': 'TBA'}
Playadingles {'ratio': 0, 'most_spent': 0, 'biggest_cut': 1990.0, 'avg_deduct': 'TBA'}
Zasha {'ratio': 1.1, 'most_spent': 9500.0, 'biggest_cut': 6595.0, 'avg_deduct': 'TBA'}
Furb {'ratio': 0.25, 'most_spent': 977.0, 'biggest_cut': 3859.0, 'avg_deduct': 'TBA'}
Flic {'ratio': 0, 'most_spent': 0, 'biggest_cut': 1628.0, 'avg_deduct': 'TBA'}
Filliam {'ratio': 0, 'most_spent': 0, 'biggest_cut': 2400.0, 'avg_deduct': 'TBA'}
Grollbär {'ratio': 2.67, 'most_spent': 14000.0, 'biggest_cut': 3755.0, 'avg_deduct': 'TBA'}
Maxiliane {'ratio': 0, 'most_spent': 0, 'biggest_cut': 1309.0, 'avg_deduct': 'TBA'}
Bruji {'ratio': 0.96, 'most_spent': 4500.0, 'biggest_cut': 2662.0, 'avg_deduct': 'TBA'}
Moneyprinter {'ratio': 8.82, 'most_spent': 25800.0, 'biggest_cut': 2593.0, 'avg_deduct': 'TBA'}
Blackawar {'ratio': 16.45, 'most_spent': 21500.0, 'biggest_cut': 1615.0, 'avg_deduct': 'TBA'}
Catschein {'ratio': 3.19, 'most_spent': 9700.0, 'biggest_cut': 2641.0, 'avg_deduct': 'TBA'}
Raykio {'ratio': 0, 'most_spent': 0, 'biggest_cut': 4739.0, 'avg_deduct': 'TBA'}
Lycan {'ratio': 0, 'most_spent': 0, 'biggest_cut': 3105.0, 'avg_deduct': 'TBA'}
Khalæssi {'ratio': 0, 'most_spent': 0, 'biggest_cut': 3105.0, 'avg_deduct': 'TBA'}
Koshmarik {'ratio': 0, 'most_spent': 0, 'biggest_cut': 2172.0, 'avg_deduct': 'TBA'}
Jammie {'ratio': 0, 'most_spent': 0, 'biggest_cut': 2841.0, 'avg_deduct': 'TBA'}
Sylvi {'ratio': 0, 'most_spent': 0, 'biggest_cut': 4702.0, 'avg_deduct': 'TBA'}
Invalidxd {'ratio': 0, 'most_spent': 0, 'biggest_cut': 1773.0, 'avg_deduct': 'TBA'}
Arinmir {'ratio': 0.77, 'most_spent': 5000.0, 'biggest_cut': 3566.0, 'avg_deduct': 'TBA'}
Salvinhobbes {'ratio': 0.56, 'most_spent': 3200.0, 'biggest_cut': 4107.0, 'avg_deduct': 'TBA'}
Tusqaiqt {'ratio': 2.15, 'most_spent': 5000.0, 'biggest_cut': 2326.0, 'avg_deduct': 'TBA'}
Colmano {'ratio': 0, 'most_spent': 0, 'biggest_cut': 3238.0, 'avg_deduct': 'TBA'}
Furyn {'ratio': 0, 'most_spent': 0, 'biggest_cut': 1907.0, 'avg_deduct': 'TBA'}
Deppyqt {'ratio': 0, 'most_spent': 0, 'biggest_cut': 2277.0, 'avg_deduct': 'TBA'}
Maelany {'ratio': 0, 'most_spent': 0, 'biggest_cut': 1704.0, 'avg_deduct': 'TBA'}
Derpadon {'ratio': 0, 'most_spent': 0, 'biggest_cut': 1686.0, 'avg_deduct': 'TBA'}
Zattwo {'ratio': 0, 'most_spent': 0, 'biggest_cut': 2193.0, 'avg_deduct': 'TBA'}
Grünerløkka {'ratio': 0, 'most_spent': 0, 'biggest_cut': 1362.0, 'avg_deduct': 'TBA'}
Ashanix {'ratio': 0, 'most_spent': 0, 'biggest_cut': 1285.0, 'avg_deduct': 'TBA'}
Lesnar {'ratio': 0.1, 'most_spent': 500.0, 'biggest_cut': 3620.0, 'avg_deduct': 'TBA'}
Thechampion {'ratio': 0, 'most_spent': 0, 'biggest_cut': 1044.0, 'avg_deduct': 'TBA'}
Vierna {'ratio': 12.58, 'most_spent': 14500.0, 'biggest_cut': 1153.0, 'avg_deduct': 'TBA'}
Zeltene {'ratio': 0, 'most_spent': 0, 'biggest_cut': 1277.0, 'avg_deduct': 'TBA'}
Whooppz {'ratio': 0.49, 'most_spent': 1000.0, 'biggest_cut': 2027.0, 'avg_deduct': 'TBA'}
Isolde {'ratio': 0, 'most_spent': 0, 'biggest_cut': 1082.0, 'avg_deduct': 'TBA'}
Bubbagump {'ratio': 0, 'most_spent': 0, 'biggest_cut': 841.0, 'avg_deduct': 'TBA'}
Tess {'ratio': 0, 'most_spent': 0, 'biggest_cut': 862.0, 'avg_deduct': 'TBA'}
Pachenar {'ratio': 1.17, 'most_spent': 800.0, 'biggest_cut': 681.0, 'avg_deduct': 'TBA'}
Swallalala {'ratio': 0, 'most_spent': 0, 'biggest_cut': 3368.0, 'avg_deduct': 'TBA'}
Toxicivy {'ratio': 0, 'most_spent': 0, 'biggest_cut': 2872.0, 'avg_deduct': 'TBA'}
Churchpewpew {'ratio': 1.28, 'most_spent': 13000.0, 'biggest_cut': 3372.0, 'avg_deduct': 'TBA'}
Krew {'ratio': 0, 'most_spent': 0, 'biggest_cut': 3245.0, 'avg_deduct': 'TBA'}
Vitaminc {'ratio': 0.61, 'most_spent': 3500.0, 'biggest_cut': 4056.0, 'avg_deduct': 'TBA'}
Gdkpriést {'ratio': 0, 'most_spent': 0, 'biggest_cut': 1342.0, 'avg_deduct': 'TBA'}
Aliaskings {'ratio': 20.16, 'most_spent': 30000.0, 'biggest_cut': 1488.0, 'avg_deduct': 'TBA'}
Pillaa {'ratio': 0, 'most_spent': 0, 'biggest_cut': 1552.0, 'avg_deduct': 'TBA'}
Kankanmidget {'ratio': 0, 'most_spent': 0, 'biggest_cut': 4008.0, 'avg_deduct': 'TBA'}
Bentwo {'ratio': 5.42, 'most_spent': 35000.0, 'biggest_cut': 3996.0, 'avg_deduct': 'TBA'}
Pendinho {'ratio': 0, 'most_spent': 0, 'biggest_cut': 3623.0, 'avg_deduct': 'TBA'}
Doba {'ratio': 0, 'most_spent': 0, 'biggest_cut': 3242.0, 'avg_deduct': 'TBA'}
Pvegodfather {'ratio': 0, 'most_spent': 0, 'biggest_cut': 3542.0, 'avg_deduct': 'TBA'}
Gigafrst {'ratio': 3.11, 'most_spent': 25000.0, 'biggest_cut': 4961.0, 'avg_deduct': 'TBA'}
Milari {'ratio': 0, 'most_spent': 0, 'biggest_cut': 3170.0, 'avg_deduct': 'TBA'}
Jekkupatteri {'ratio': 0, 'most_spent': 0, 'biggest_cut': 2933.0, 'avg_deduct': 'TBA'}
Aliasingite {'ratio': 0, 'most_spent': 0, 'biggest_cut': 2574.0, 'avg_deduct': 'TBA'}
Holdmyignite {'ratio': 0, 'most_spent': 0, 'biggest_cut': 2313.0, 'avg_deduct': 'TBA'}
Nobuffsimsad {'ratio': 8.78, 'most_spent': 20000.0, 'biggest_cut': 2278.0, 'avg_deduct': 'TBA'}
Kns {'ratio': 5.19, 'most_spent': 12000.0, 'biggest_cut': 2311.0, 'avg_deduct': 'TBA'}
Kløbürste {'ratio': 5.17, 'most_spent': 10500.0, 'biggest_cut': 2030.0, 'avg_deduct': 'TBA'}
Ignitepewpew {'ratio': 0, 'most_spent': 0, 'biggest_cut': 2263.0, 'avg_deduct': 'TBA'}
Wonderwomanz {'ratio': 0.92, 'most_spent': 2000.0, 'biggest_cut': 1592.0, 'avg_deduct': 'TBA'}
Dxntdrown {'ratio': 0, 'most_spent': 0, 'biggest_cut': 1752.0, 'avg_deduct': 'TBA'}
Awman {'ratio': 9.49, 'most_spent': 15000.0, 'biggest_cut': 1581.0, 'avg_deduct': 'TBA'}
Catschin {'ratio': 0.56, 'most_spent': 4500.0, 'biggest_cut': 3381.0, 'avg_deduct': 'TBA'}
Ae {'ratio': 2.38, 'most_spent': 4000.0, 'biggest_cut': 1678.0, 'avg_deduct': 'TBA'}
Ducky {'ratio': 0, 'most_spent': 0, 'biggest_cut': 4581.0, 'avg_deduct': 'TBA'}
Misswar {'ratio': 0, 'most_spent': 0, 'biggest_cut': 4181.0, 'avg_deduct': 'TBA'}
Kourona {'ratio': 0, 'most_spent': 0, 'biggest_cut': 4181.0, 'avg_deduct': 'TBA'}
Zelts {'ratio': 4.54, 'most_spent': 19000.0, 'biggest_cut': 4181.0, 'avg_deduct': 'TBA'}
Darikus {'ratio': 0, 'most_spent': 0, 'biggest_cut': 3481.0, 'avg_deduct': 'TBA'}
Whitemate {'ratio': 0, 'most_spent': 0, 'biggest_cut': 3161.0, 'avg_deduct': 'TBA'}
Larrymuscles {'ratio': 0, 'most_spent': 0, 'biggest_cut': 3436.0, 'avg_deduct': 'TBA'}
Ashania {'ratio': 0, 'most_spent': 0, 'biggest_cut': 2410.0, 'avg_deduct': 'TBA'}
Shazavdela {'ratio': 0.39, 'most_spent': 1000.0, 'biggest_cut': 2742.0, 'avg_deduct': 'TBA'}
Oneshotpala {'ratio': 4.62, 'most_spent': 7000.0, 'biggest_cut': 1277.0, 'avg_deduct': 'TBA'}
Benone {'ratio': 0, 'most_spent': 0, 'biggest_cut': 6793.0, 'avg_deduct': 'TBA'}
Pvejunkie {'ratio': 6.67, 'most_spent': 41000.0, 'biggest_cut': 6148.0, 'avg_deduct': 'TBA'}
Speed {'ratio': 0, 'most_spent': 0, 'biggest_cut': 5556.0, 'avg_deduct': 'TBA'}
Mechapomp {'ratio': 2.9, 'most_spent': 27000.0, 'biggest_cut': 5580.0, 'avg_deduct': 'TBA'}
Olppa {'ratio': 0, 'most_spent': 0, 'biggest_cut': 5547.0, 'avg_deduct': 'TBA'}
Kreizo {'ratio': 0, 'most_spent': 0, 'biggest_cut': 4924.0, 'avg_deduct': 'TBA'}
Brune {'ratio': 0, 'most_spent': 0, 'biggest_cut': 4821.0, 'avg_deduct': 'TBA'}
Calgacus {'ratio': 0, 'most_spent': 0, 'biggest_cut': 4720.0, 'avg_deduct': 'TBA'}
Pillaalund {'ratio': 1.59, 'most_spent': 12000.0, 'biggest_cut': 4477.0, 'avg_deduct': 'TBA'}
Malegender {'ratio': 0, 'most_spent': 0, 'biggest_cut': 3846.0, 'avg_deduct': 'TBA'}
Depresifwar {'ratio': 0, 'most_spent': 0, 'biggest_cut': 7053.0, 'avg_deduct': 'TBA'}
Ui {'ratio': 0.52, 'most_spent': 2000.0, 'biggest_cut': 3874.0, 'avg_deduct': 'TBA'}
Margel {'ratio': 0, 'most_spent': 0, 'biggest_cut': 2087.0, 'avg_deduct': 'TBA'}
Kilpikirsi {'ratio': 0, 'most_spent': 0, 'biggest_cut': 7053.0, 'avg_deduct': 'TBA'}
Kazig {'ratio': 1.44, 'most_spent': 7200.0, 'biggest_cut': 3968.0, 'avg_deduct': 'TBA'}
Redkiller {'ratio': 5.22, 'most_spent': 15000.0, 'biggest_cut': 3199.0, 'avg_deduct': 'TBA'}
Aliashot {'ratio': 0, 'most_spent': 0, 'biggest_cut': 5705.0, 'avg_deduct': 'TBA'}
Nurglé {'ratio': 3.57, 'most_spent': 7000.0, 'biggest_cut': 1959.0, 'avg_deduct': 'TBA'}
Ursamajor {'ratio': 0, 'most_spent': 0, 'biggest_cut': 7053.0, 'avg_deduct': 'TBA'}
Mobz {'ratio': 6.94, 'most_spent': 13500.0, 'biggest_cut': 1946.0, 'avg_deduct': 'TBA'}
Raykiodead {'ratio': 0, 'most_spent': 0, 'biggest_cut': 4598.0, 'avg_deduct': 'TBA'}
Nickxio {'ratio': 0.15, 'most_spent': 800.0, 'biggest_cut': 5313.0, 'avg_deduct': 'TBA'}
Mallena {'ratio': 0, 'most_spent': 0, 'biggest_cut': 5153.0, 'avg_deduct': 'TBA'}
Healjezelf {'ratio': 0, 'most_spent': 0, 'biggest_cut': 4611.0, 'avg_deduct': 'TBA'}
Suttura {'ratio': 0, 'most_spent': 0, 'biggest_cut': 4452.0, 'avg_deduct': 'TBA'}
Diddydodat {'ratio': 0, 'most_spent': 0, 'biggest_cut': 1397.0, 'avg_deduct': 'TBA'}
Briannielsen {'ratio': 4.1, 'most_spent': 21500.0, 'biggest_cut': 3173.0, 'avg_deduct': 'TBA'}
Pvewhale {'ratio': 10.11, 'most_spent': 71000.0, 'biggest_cut': 4903.0, 'avg_deduct': 'TBA'}
Skandy {'ratio': 0, 'most_spent': 0, 'biggest_cut': 2569.0, 'avg_deduct': 'TBA'}
Korsag {'ratio': 0, 'most_spent': 0, 'biggest_cut': 5995.0, 'avg_deduct': 'TBA'}
Bobsn {'ratio': 0, 'most_spent': 0, 'biggest_cut': 1704.0, 'avg_deduct': 'TBA'}
Fatulolo {'ratio': 0, 'most_spent': 0, 'biggest_cut': 4081.0, 'avg_deduct': 'TBA'}
Onepointeigh {'ratio': 2.25, 'most_spent': 6500.0, 'biggest_cut': 2674.0, 'avg_deduct': 'TBA'}
Devinn {'ratio': 0.41, 'most_spent': 3800.0, 'biggest_cut': 5191.0, 'avg_deduct': 'TBA'}
Playadonna {'ratio': 0, 'most_spent': 0, 'biggest_cut': 1443.0, 'avg_deduct': 'TBA'}
Piepschuim {'ratio': 9.46, 'most_spent': 30000.0, 'biggest_cut': 1878.0, 'avg_deduct': 'TBA'}
Tichondria {'ratio': 0, 'most_spent': 0, 'biggest_cut': 1222.0, 'avg_deduct': 'TBA'}
Xena {'ratio': 0, 'most_spent': 0, 'biggest_cut': 1731.0, 'avg_deduct': 'TBA'}
Freyna {'ratio': 3.94, 'most_spent': 16000.0, 'biggest_cut': 3172.0, 'avg_deduct': 'TBA'}
Kenthar {'ratio': 0, 'most_spent': 0, 'biggest_cut': 1095.0, 'avg_deduct': 'TBA'}
Reinous {'ratio': 2.92, 'most_spent': 4600.0, 'biggest_cut': 1576.0, 'avg_deduct': 'TBA'}
Morrgrimshow {'ratio': 0, 'most_spent': 0, 'biggest_cut': 3328.0, 'avg_deduct': 'TBA'}
Doublep {'ratio': 27.94, 'most_spent': 52920.0, 'biggest_cut': 987.0, 'avg_deduct': 'TBA'}
Alabasta {'ratio': 4.31, 'most_spent': 4200.0, 'biggest_cut': 975.0, 'avg_deduct': 'TBA'}
Pikachù {'ratio': 0, 'most_spent': 0, 'biggest_cut': 849.0, 'avg_deduct': 'TBA'}
Imugem {'ratio': 0, 'most_spent': 0, 'biggest_cut': 1283.0, 'avg_deduct': 'TBA'}
Kloppspaten {'ratio': 0.06, 'most_spent': 800.0, 'biggest_cut': 4569.0, 'avg_deduct': 'TBA'}
Cunnimaster {'ratio': 0, 'most_spent': 0, 'biggest_cut': 2417.0, 'avg_deduct': 'TBA'}
Geilerdiddy {'ratio': 0.27, 'most_spent': 400.0, 'biggest_cut': 1458.0, 'avg_deduct': 'TBA'}
Ikhealjewel {'ratio': 0.55, 'most_spent': 900.0, 'biggest_cut': 1626.0, 'avg_deduct': 'TBA'}
Gandaros {'ratio': 0.09, 'most_spent': 300.0, 'biggest_cut': 2039.0, 'avg_deduct': 'TBA'}
Oubercliry {'ratio': 0.77, 'most_spent': 2400.0, 'biggest_cut': 1740.0, 'avg_deduct': 'TBA'}
Kikkoheal {'ratio': 0, 'most_spent': 0, 'biggest_cut': 1322.0, 'avg_deduct': 'TBA'}
Pvecrackhead {'ratio': 0.16, 'most_spent': 1000.0, 'biggest_cut': 3738.0, 'avg_deduct': 'TBA'}
Stellariô {'ratio': 0, 'most_spent': 0, 'biggest_cut': 3704.0, 'avg_deduct': 'TBA'}
Justahumwar {'ratio': 0, 'most_spent': 0, 'biggest_cut': 3495.0, 'avg_deduct': 'TBA'}
Dreamrage {'ratio': 0, 'most_spent': 0, 'biggest_cut': 3463.0, 'avg_deduct': 'TBA'}
Littlemunda {'ratio': 0, 'most_spent': 0, 'biggest_cut': 3133.0, 'avg_deduct': 'TBA'}
Exeter {'ratio': 0, 'most_spent': 0, 'biggest_cut': 3360.0, 'avg_deduct': 'TBA'}
Hyperboreän {'ratio': 3.11, 'most_spent': 17000.0, 'biggest_cut': 3167.0, 'avg_deduct': 'TBA'}
Alueto {'ratio': 0, 'most_spent': 0, 'biggest_cut': 3152.0, 'avg_deduct': 'TBA'}
Bratan {'ratio': 3.03, 'most_spent': 15000.0, 'biggest_cut': 3091.0, 'avg_deduct': 'TBA'}
Remozp {'ratio': 0, 'most_spent': 0, 'biggest_cut': 3274.0, 'avg_deduct': 'TBA'}
Mechabeam {'ratio': 0, 'most_spent': 0, 'biggest_cut': 2948.0, 'avg_deduct': 'TBA'}
Budvarsson {'ratio': 0, 'most_spent': 0, 'biggest_cut': 3021.0, 'avg_deduct': 'TBA'}
Stillard {'ratio': 0, 'most_spent': 0, 'biggest_cut': 2821.0, 'avg_deduct': 'TBA'}
Grzpxopwnz {'ratio': 0, 'most_spent': 0, 'biggest_cut': 2205.0, 'avg_deduct': 'TBA'}
Alanford {'ratio': 0, 'most_spent': 0, 'biggest_cut': 4325.0, 'avg_deduct': 'TBA'}
Roguemander {'ratio': 4.44, 'most_spent': 11900.0, 'biggest_cut': 2682.0, 'avg_deduct': 'TBA'}
Pharrell {'ratio': 1.62, 'most_spent': 3500.0, 'biggest_cut': 2165.0, 'avg_deduct': 'TBA'}
Bigglewiggle {'ratio': 0, 'most_spent': 0, 'biggest_cut': 2669.0, 'avg_deduct': 'TBA'}
Zivit {'ratio': 0, 'most_spent': 0, 'biggest_cut': 4325.0, 'avg_deduct': 'TBA'}
Orangevening {'ratio': 0, 'most_spent': 0, 'biggest_cut': 2658.0, 'avg_deduct': 'TBA'}
Starfire {'ratio': 0, 'most_spent': 0, 'biggest_cut': 1848.0, 'avg_deduct': 'TBA'}
Roxx {'ratio': 4.54, 'most_spent': 7500.0, 'biggest_cut': 1651.0, 'avg_deduct': 'TBA'}
Gorillah {'ratio': 54.24, 'most_spent': 52500.0, 'biggest_cut': 1166.0, 'avg_deduct': 'TBA'}
Strommis {'ratio': 0, 'most_spent': 0, 'biggest_cut': 4214.0, 'avg_deduct': 'TBA'}
Glancealott {'ratio': 0, 'most_spent': 0, 'biggest_cut': 3277.0, 'avg_deduct': 'TBA'}
Raenla {'ratio': 0, 'most_spent': 0, 'biggest_cut': 3360.0, 'avg_deduct': 'TBA'}
Teesnjak {'ratio': 0, 'most_spent': 0, 'biggest_cut': 3011.0, 'avg_deduct': 'TBA'}
Marenghi {'ratio': 1.54, 'most_spent': 4500.0, 'biggest_cut': 2931.0, 'avg_deduct': 'TBA'}
Antor {'ratio': 0, 'most_spent': 0, 'biggest_cut': 2735.0, 'avg_deduct': 'TBA'}
Highlordbane {'ratio': 0, 'most_spent': 0, 'biggest_cut': 2630.0, 'avg_deduct': 'TBA'}
Veas {'ratio': 3.03, 'most_spent': 7000.0, 'biggest_cut': 2307.0, 'avg_deduct': 'TBA'}
Bòóm {'ratio': 5.8, 'most_spent': 10000.0, 'biggest_cut': 1725.0, 'avg_deduct': 'TBA'}
Morrgrims {'ratio': 0, 'most_spent': 0, 'biggest_cut': 4807.0, 'avg_deduct': 'TBA'}
Braadprick {'ratio': 0, 'most_spent': 0, 'biggest_cut': 4512.0, 'avg_deduct': 'TBA'}
Dishân {'ratio': 0, 'most_spent': 0, 'biggest_cut': 4449.0, 'avg_deduct': 'TBA'}
Milanbank {'ratio': 0, 'most_spent': 0, 'biggest_cut': 4253.0, 'avg_deduct': 'TBA'}
Larry {'ratio': 0, 'most_spent': 0, 'biggest_cut': 4203.0, 'avg_deduct': 'TBA'}
Littlewar {'ratio': 0, 'most_spent': 0, 'biggest_cut': 3602.0, 'avg_deduct': 'TBA'}
Eldermage {'ratio': 0, 'most_spent': 0, 'biggest_cut': 3537.0, 'avg_deduct': 'TBA'}
Shadowkid {'ratio': 0, 'most_spent': 0, 'biggest_cut': 4347.0, 'avg_deduct': 'TBA'}
Oilmeup {'ratio': 1.81, 'most_spent': 8000.0, 'biggest_cut': 2660.0, 'avg_deduct': 'TBA'}
Tallack {'ratio': 0, 'most_spent': 0, 'biggest_cut': 3011.0, 'avg_deduct': 'TBA'}
Kimmy {'ratio': 0, 'most_spent': 0, 'biggest_cut': 3216.0, 'avg_deduct': 'TBA'}
Fridolein {'ratio': 0, 'most_spent': 0, 'biggest_cut': 2211.0, 'avg_deduct': 'TBA'}
Nickxiiee {'ratio': 0, 'most_spent': 0, 'biggest_cut': 5500.0, 'avg_deduct': 'TBA'}
Zive {'ratio': 1.06, 'most_spent': 12000.0, 'biggest_cut': 5825.0, 'avg_deduct': 'TBA'}
Kimpis {'ratio': 0, 'most_spent': 0, 'biggest_cut': 4450.0, 'avg_deduct': 'TBA'}
Slimcravy {'ratio': 6.65, 'most_spent': 6000.0, 'biggest_cut': 902.0, 'avg_deduct': 'TBA'}
Cosmos {'ratio': 1.65, 'most_spent': 5000.0, 'biggest_cut': 3025.0, 'avg_deduct': 'TBA'}
Alias {'ratio': 0, 'most_spent': 0, 'biggest_cut': 6025.0, 'avg_deduct': 'TBA'}
Colmanogrief {'ratio': 0, 'most_spent': 0, 'biggest_cut': 5281.0, 'avg_deduct': 'TBA'}
Miicksama {'ratio': 0, 'most_spent': 0, 'biggest_cut': 4696.0, 'avg_deduct': 'TBA'}
Holymachiné {'ratio': 0, 'most_spent': 0, 'biggest_cut': 4279.0, 'avg_deduct': 'TBA'}
Elevo {'ratio': 2.12, 'most_spent': 8200.0, 'biggest_cut': 3859.0, 'avg_deduct': 'TBA'}
Pilo {'ratio': 2.18, 'most_spent': 15000.0, 'biggest_cut': 3960.0, 'avg_deduct': 'TBA'}
Peazi {'ratio': 0, 'most_spent': 0, 'biggest_cut': 3293.0, 'avg_deduct': 'TBA'}
Noobpriest {'ratio': 0, 'most_spent': 0, 'biggest_cut': 3194.0, 'avg_deduct': 'TBA'}
Mechalight {'ratio': 0, 'most_spent': 0, 'biggest_cut': 3785.0, 'avg_deduct': 'TBA'}
Deilar {'ratio': 0.89, 'most_spent': 5000.0, 'biggest_cut': 3319.0, 'avg_deduct': 'TBA'}
Littleleech {'ratio': 0, 'most_spent': 0, 'biggest_cut': 3067.0, 'avg_deduct': 'TBA'}
Imrus {'ratio': 4.31, 'most_spent': 10500.0, 'biggest_cut': 2435.0, 'avg_deduct': 'TBA'}
Rozä {'ratio': 0, 'most_spent': 0, 'biggest_cut': 2242.0, 'avg_deduct': 'TBA'}
Chicko {'ratio': 12.14, 'most_spent': 26000.0, 'biggest_cut': 3075.0, 'avg_deduct': 'TBA'}
Treeguyso {'ratio': 0, 'most_spent': 0, 'biggest_cut': 1431.0, 'avg_deduct': 'TBA'}
Alnoo {'ratio': 0, 'most_spent': 0, 'biggest_cut': 6513.0, 'avg_deduct': 'TBA'}
Daldaron {'ratio': 0, 'most_spent': 0, 'biggest_cut': 2337.0, 'avg_deduct': 'TBA'}
Esmaerie {'ratio': 0, 'most_spent': 0, 'biggest_cut': 2116.0, 'avg_deduct': 'TBA'}
Tiarbag {'ratio': 0, 'most_spent': 0, 'biggest_cut': 2066.0, 'avg_deduct': 'TBA'}
Krobian {'ratio': 0, 'most_spent': 0, 'biggest_cut': 3309.0, 'avg_deduct': 'TBA'}
Antimana {'ratio': 0, 'most_spent': 0, 'biggest_cut': 2236.0, 'avg_deduct': 'TBA'}
Auuro {'ratio': 0, 'most_spent': 0, 'biggest_cut': 3104.0, 'avg_deduct': 'TBA'}
Cobra {'ratio': 1.78, 'most_spent': 10000.0, 'biggest_cut': 5605.0, 'avg_deduct': 'TBA'}
Testopower {'ratio': 16.08, 'most_spent': 69500.0, 'biggest_cut': 4321.0, 'avg_deduct': 'TBA'}
Selenax {'ratio': 1.17, 'most_spent': 4000.0, 'biggest_cut': 1794.0, 'avg_deduct': 'TBA'}
Chikara {'ratio': 0, 'most_spent': 0, 'biggest_cut': 3929.0, 'avg_deduct': 'TBA'}
Furp {'ratio': 4.33, 'most_spent': 6869.0, 'biggest_cut': 1587.0, 'avg_deduct': 'TBA'}
Flamewalker {'ratio': 0, 'most_spent': 0, 'biggest_cut': 6013.0, 'avg_deduct': 'TBA'}
Deathx {'ratio': 5.87, 'most_spent': 21000.0, 'biggest_cut': 2256.0, 'avg_deduct': 'TBA'}
Venomfang {'ratio': 22.95, 'most_spent': 21000.0, 'biggest_cut': 915.0, 'avg_deduct': 'TBA'}
Limetto {'ratio': 0, 'most_spent': 0, 'biggest_cut': 5233.0, 'avg_deduct': 'TBA'}
Radiconi {'ratio': 2.59, 'most_spent': 2300.0, 'biggest_cut': 887.0, 'avg_deduct': 'TBA'}
Oinkipoinky {'ratio': 0.72, 'most_spent': 500.0, 'biggest_cut': 698.0, 'avg_deduct': 'TBA'}
Ameliegd {'ratio': 0, 'most_spent': 0, 'biggest_cut': 2126.0, 'avg_deduct': 'TBA'}
Revísoren {'ratio': 0, 'most_spent': 0, 'biggest_cut': 1749.0, 'avg_deduct': 'TBA'}
Supmario {'ratio': 0.56, 'most_spent': 2500.0, 'biggest_cut': 4498.0, 'avg_deduct': 'TBA'}
Dina {'ratio': 0, 'most_spent': 0, 'biggest_cut': 1418.0, 'avg_deduct': 'TBA'}
Aleriaa {'ratio': 0, 'most_spent': 0, 'biggest_cut': 1662.0, 'avg_deduct': 'TBA'}
Rhenae {'ratio': 3.35, 'most_spent': 23000.0, 'biggest_cut': 6862.0, 'avg_deduct': 'TBA'}
Bigdolly {'ratio': 0, 'most_spent': 0, 'biggest_cut': 6813.0, 'avg_deduct': 'TBA'}
Mimie {'ratio': 0, 'most_spent': 0, 'biggest_cut': 6993.0, 'avg_deduct': 'TBA'}
Healmepls {'ratio': 0, 'most_spent': 0, 'biggest_cut': 5918.0, 'avg_deduct': 'TBA'}
Mechastab {'ratio': 0, 'most_spent': 0, 'biggest_cut': 5901.0, 'avg_deduct': 'TBA'}
Hamiit {'ratio': 0, 'most_spent': 0, 'biggest_cut': 5364.0, 'avg_deduct': 'TBA'}
Hanswuscht {'ratio': 0.13, 'most_spent': 1000.0, 'biggest_cut': 4691.0, 'avg_deduct': 'TBA'}
Pewpewone {'ratio': 2.68, 'most_spent': 11900.0, 'biggest_cut': 4433.0, 'avg_deduct': 'TBA'}
Hattz {'ratio': 0, 'most_spent': 0, 'biggest_cut': 7435.0, 'avg_deduct': 'TBA'}
Pvemonkey {'ratio': 8.64, 'most_spent': 50000.0, 'biggest_cut': 4488.0, 'avg_deduct': 'TBA'}
Magedead {'ratio': 0.11, 'most_spent': 500.0, 'biggest_cut': 4351.0, 'avg_deduct': 'TBA'}
Craazy {'ratio': 0, 'most_spent': 0, 'biggest_cut': 7212.0, 'avg_deduct': 'TBA'}
Volux {'ratio': 3.81, 'most_spent': 14000.0, 'biggest_cut': 3675.0, 'avg_deduct': 'TBA'}
Viadz {'ratio': 0, 'most_spent': 0, 'biggest_cut': 3063.0, 'avg_deduct': 'TBA'}
Gnomishly {'ratio': 0, 'most_spent': 0, 'biggest_cut': 7435.0, 'avg_deduct': 'TBA'}
Hamstringbro {'ratio': 0, 'most_spent': 0, 'biggest_cut': 8145.0, 'avg_deduct': 'TBA'}
Colmanotrans {'ratio': 0, 'most_spent': 0, 'biggest_cut': 6925.0, 'avg_deduct': 'TBA'}
Ducki {'ratio': 0, 'most_spent': 0, 'biggest_cut': 4961.0, 'avg_deduct': 'TBA'}
Taggart {'ratio': 0, 'most_spent': 0, 'biggest_cut': 5039.0, 'avg_deduct': 'TBA'}
Varal {'ratio': 0, 'most_spent': 0, 'biggest_cut': 4723.0, 'avg_deduct': 'TBA'}
Healmander {'ratio': 0, 'most_spent': 0, 'biggest_cut': 4668.0, 'avg_deduct': 'TBA'}
Hattioz {'ratio': 0, 'most_spent': 0, 'biggest_cut': 1815.0, 'avg_deduct': 'TBA'}
Vèri {'ratio': 0, 'most_spent': 0, 'biggest_cut': 1073.0, 'avg_deduct': 'TBA'}
Arespanza {'ratio': 0, 'most_spent': 0, 'biggest_cut': 1423.0, 'avg_deduct': 'TBA'}
Crtn {'ratio': 2.95, 'most_spent': 2000.0, 'biggest_cut': 677.0, 'avg_deduct': 'TBA'}
Cunninng {'ratio': 14.34, 'most_spent': 11000.0, 'biggest_cut': 767.0, 'avg_deduct': 'TBA'}
Skíf {'ratio': 2.85, 'most_spent': 2000.0, 'biggest_cut': 702.0, 'avg_deduct': 'TBA'}
Rujn {'ratio': 0, 'most_spent': 0, 'biggest_cut': 1207.0, 'avg_deduct': 'TBA'}
Arasuru {'ratio': 0, 'most_spent': 0, 'biggest_cut': 3261.0, 'avg_deduct': 'TBA'}
Moneyforlife {'ratio': 0.49, 'most_spent': 300.0, 'biggest_cut': 610.0, 'avg_deduct': 'TBA'}
Slæy {'ratio': 2.26, 'most_spent': 7500.0, 'biggest_cut': 2886.0, 'avg_deduct': 'TBA'}
Nanimagic {'ratio': 0, 'most_spent': 0, 'biggest_cut': 225.0, 'avg_deduct': 'TBA'}
Azæqt {'ratio': 0, 'most_spent': 0, 'biggest_cut': 1868.0, 'avg_deduct': 'TBA'}
Somedots {'ratio': 2.59, 'most_spent': 3200.0, 'biggest_cut': 1236.0, 'avg_deduct': 'TBA'}
Atieshe {'ratio': 0, 'most_spent': 0, 'biggest_cut': 3906.0, 'avg_deduct': 'TBA'}
Zivri {'ratio': 0, 'most_spent': 0, 'biggest_cut': 1084.0, 'avg_deduct': 'TBA'}
Mashaya {'ratio': 0, 'most_spent': 0, 'biggest_cut': 2301.0, 'avg_deduct': 'TBA'}
Pneuma {'ratio': 0, 'most_spent': 0, 'biggest_cut': 879.0, 'avg_deduct': 'TBA'}
Viraa {'ratio': 3.61, 'most_spent': 3000.0, 'biggest_cut': 832.0, 'avg_deduct': 'TBA'}
Aco {'ratio': 0, 'most_spent': 0, 'biggest_cut': 1089.0, 'avg_deduct': 'TBA'}
Hamstringbot {'ratio': 0, 'most_spent': 0, 'biggest_cut': 4097.0, 'avg_deduct': 'TBA'}
Tuckyxdd {'ratio': 0, 'most_spent': 0, 'biggest_cut': 2941.0, 'avg_deduct': 'TBA'}
Sublex {'ratio': 0, 'most_spent': 0, 'biggest_cut': 3600.0, 'avg_deduct': 'TBA'}
Chuckfinley {'ratio': 0, 'most_spent': 0, 'biggest_cut': 2145.0, 'avg_deduct': 'TBA'}
Qoi {'ratio': 0, 'most_spent': 0, 'biggest_cut': 2359.0, 'avg_deduct': 'TBA'}
Niteelf {'ratio': 0, 'most_spent': 0, 'biggest_cut': 2320.0, 'avg_deduct': 'TBA'}
Benzine {'ratio': 0, 'most_spent': 0, 'biggest_cut': 4081.0, 'avg_deduct': 'TBA'}
Ghostfacee {'ratio': 0, 'most_spent': 0, 'biggest_cut': 1654.0, 'avg_deduct': 'TBA'}
Undor {'ratio': 0, 'most_spent': 0, 'biggest_cut': 3877.0, 'avg_deduct': 'TBA'}
Yuki {'ratio': 45.36, 'most_spent': 23000.0, 'biggest_cut': 507.0, 'avg_deduct': 'TBA'}
Merinnia {'ratio': 1.33, 'most_spent': 3500.0, 'biggest_cut': 2639.0, 'avg_deduct': 'TBA'}
Shoecleaner {'ratio': 0, 'most_spent': 0, 'biggest_cut': 2382.0, 'avg_deduct': 'TBA'}
Esentia {'ratio': 0, 'most_spent': 0, 'biggest_cut': 1386.0, 'avg_deduct': 'TBA'}
Nedichydra {'ratio': 0, 'most_spent': 0, 'biggest_cut': 4330.0, 'avg_deduct': 'TBA'}
Asta {'ratio': 0, 'most_spent': 0, 'biggest_cut': 4292.0, 'avg_deduct': 'TBA'}
Crimsonhaze {'ratio': 0, 'most_spent': 0, 'biggest_cut': 4202.0, 'avg_deduct': 'TBA'}
Miilari {'ratio': 0, 'most_spent': 0, 'biggest_cut': 4042.0, 'avg_deduct': 'TBA'}
Knifeyminaj {'ratio': 0, 'most_spent': 0, 'biggest_cut': 3546.0, 'avg_deduct': 'TBA'}
Depressifwar {'ratio': 0, 'most_spent': 0, 'biggest_cut': 3722.0, 'avg_deduct': 'TBA'}
Giammie {'ratio': 0, 'most_spent': 0, 'biggest_cut': 5257.0, 'avg_deduct': 'TBA'}
Patrijarh {'ratio': 0.17, 'most_spent': 800.0, 'biggest_cut': 4709.0, 'avg_deduct': 'TBA'}
Jeffbald {'ratio': 0, 'most_spent': 0, 'biggest_cut': 4366.0, 'avg_deduct': 'TBA'}
Arkisnarki {'ratio': 0, 'most_spent': 0, 'biggest_cut': 3296.0, 'avg_deduct': 'TBA'}
Epri {'ratio': 0, 'most_spent': 0, 'biggest_cut': 2901.0, 'avg_deduct': 'TBA'}
Roxxie {'ratio': 3.79, 'most_spent': 11000.0, 'biggest_cut': 2905.0, 'avg_deduct': 'TBA'}
Shatexbro {'ratio': 0, 'most_spent': 0, 'biggest_cut': 2378.0, 'avg_deduct': 'TBA'}
Elaynea {'ratio': 0, 'most_spent': 0, 'biggest_cut': 2568.0, 'avg_deduct': 'TBA'}
Dpswarlord {'ratio': 0.96, 'most_spent': 1800.0, 'biggest_cut': 1884.0, 'avg_deduct': 'TBA'}
Trileçe {'ratio': 0, 'most_spent': 0, 'biggest_cut': 3340.0, 'avg_deduct': 'TBA'}
Ktlqt {'ratio': 0, 'most_spent': 0, 'biggest_cut': 3270.0, 'avg_deduct': 'TBA'}
Flagella {'ratio': 0, 'most_spent': 0, 'biggest_cut': 2863.0, 'avg_deduct': 'TBA'}
Vanillagirl {'ratio': 0, 'most_spent': 0, 'biggest_cut': 2707.0, 'avg_deduct': 'TBA'}
Adeus {'ratio': 0, 'most_spent': 0, 'biggest_cut': 2292.0, 'avg_deduct': 'TBA'}
