Mikasi {'avg': 3748.5, 'total': 14994.0, '2025-06-09.2': 2000.0, '2025-06-09.1': 5571.0, '2025-06-03.1': 3876.0, '2025-06-02.1': 3547.0}
Potts {'avg': 2026.0, 'total': 4052.0, '2025-06-09.2': 1887.0, '2025-06-07.1': 2165.0}
Moemoekyun {'avg': 3438.5, 'total': 6877.0, '2025-06-09.2': 1824.0, '2025-06-02.2': 5053.0}
Djsprautmave {'avg': 1799.0, 'total': 1799.0, '2025-06-09.2': 1799.0}
Smno {'avg': 2062.0, 'total': 4124.0, '2025-06-09.2': 1751.0, '2025-06-04.1': 2373.0}
Bloódthirst {'avg': 2984.5, 'total': 5969.0, '2025-06-09.2': 1595.0, '2025-06-08.1': 4374.0}
Dishan {'avg': 2611.0, 'total': 5222.0, '2025-06-09.2': 1608.0, '2025-06-03.1': 3614.0}
Nerdslayer {'avg': 2572.33, 'total': 7717.0, '2025-06-09.2': 1677.0, '2025-06-03.1': 1442.0, '2025-06-02.2': 4598.0}
Gigafrstx {'avg': 1541.0, 'total': 1541.0, '2025-06-09.2': 1541.0}
Duck {'avg': 3183.83, 'total': 19103.0, '2025-06-09.2': 1525.0, '2025-06-07.2': 4019.0, '2025-06-07.1': 1484.0, '2025-06-06.1': 2431.0, '2025-06-03.1': 3262.0, '2025-06-02.2': 6382.0}
Suzaka {'avg': 2547.33, 'total': 7642.0, '2025-06-09.2': 1498.0, '2025-06-07.1': 2055.0, '2025-06-02.2': 4089.0}
Alkasius {'avg': 2842.0, 'total': 5684.0, '2025-06-09.2': 1491.0, '2025-06-02.2': 4193.0}
Johnnyrico {'avg': 1811.0, 'total': 3622.0, '2025-06-09.2': 1551.0, '2025-06-04.1': 2071.0}
Freezeme {'avg': 1264.0, 'total': 1264.0, '2025-06-09.2': 1264.0}
Westen {'avg': 2412.5, 'total': 9650.0, '2025-06-09.2': 1374.0, '2025-06-06.2': 2235.0, '2025-06-03.1': 1280.0, '2025-06-02.2': 4761.0}
Freezingmoon {'avg': 2871.0, 'total': 5742.0, '2025-06-09.2': 1366.0, '2025-06-02.2': 4376.0}
Shibochamp {'avg': 1361.0, 'total': 1361.0, '2025-06-09.2': 1361.0}
Cruelmage {'avg': 2124.5, 'total': 4249.0, '2025-06-09.2': 1362.0, '2025-06-05.1': 2887.0}
Depresifmage {'avg': 1224.0, 'total': 1224.0, '2025-06-09.2': 1224.0}
Mepomba {'avg': 1123.0, 'total': 1123.0, '2025-06-09.2': 1123.0}
Laèthriel {'avg': 1096.0, 'total': 1096.0, '2025-06-09.2': 1096.0}
Cj {'avg': 1999.0, 'total': 3998.0, '2025-06-09.2': 1112.0, '2025-06-02.2': 2886.0}
Lateralus {'avg': 2195.0, 'total': 4390.0, '2025-06-09.2': 830.0, '2025-06-02.2': 3560.0}
Snajperista {'avg': 1829.0, 'total': 1829.0, '2025-06-09.2': 1829.0}
Cw {'avg': 4769.5, 'total': 9539.0, '2025-06-09.2': 2478.0, '2025-06-08.1': 7061.0}
Zivor {'avg': 2262.0, 'total': 2262.0, '2025-06-09.2': 2262.0}
Bolognese {'avg': 2524.67, 'total': 7574.0, '2025-06-09.2': 2262.0, '2025-06-07.1': 3681.0, '2025-06-03.1': 1631.0}
Petarus {'avg': 4043.5, 'total': 8087.0, '2025-06-09.2': 2262.0, '2025-06-02.2': 5825.0}
Stromi {'avg': 2270.0, 'total': 6810.0, '2025-06-09.2': 2081.0, '2025-06-07.1': 2673.0, '2025-06-02.2': 2056.0}
Wtsfearward {'avg': 3569.0, 'total': 7138.0, '2025-06-09.2': 1838.0, '2025-06-02.2': 5300.0}
Deylah {'avg': 1911.0, 'total': 1911.0, '2025-06-09.2': 1911.0}
Eprishia {'avg': 1756.5, 'total': 3513.0, '2025-06-09.2': 1713.0, '2025-06-04.1': 1800.0}
Vallon {'avg': 1617.0, 'total': 1617.0, '2025-06-09.2': 1617.0}
Mechapray {'avg': 1598.0, 'total': 1598.0, '2025-06-09.2': 1598.0}
Dotspala {'avg': 2976.0, 'total': 5952.0, '2025-06-09.2': 1658.0, '2025-06-08.1': 4294.0}
Elunari {'avg': 2664.5, 'total': 5329.0, '2025-06-09.2': 1451.0, '2025-06-02.2': 3878.0}
Lightstor {'avg': 933.0, 'total': 933.0, '2025-06-09.2': 933.0}
Xhealer {'avg': 1702.33, 'total': 5107.0, '2025-06-09.2': 1348.0, '2025-06-04.1': 1292.0, '2025-06-02.2': 2467.0}
Kvekk {'avg': 1065.0, 'total': 1065.0, '2025-06-09.2': 1065.0}
Eltochas {'avg': 586.0, 'total': 586.0, '2025-06-09.2': 586.0}
Duckii {'avg': 5834.0, 'total': 5834.0, '2025-06-09.1': 5834.0}
Buddhi {'avg': 4499.5, 'total': 8999.0, '2025-06-09.1': 5345.0, '2025-06-02.1': 3654.0}
Morrgrim {'avg': 3539.0, 'total': 10617.0, '2025-06-09.1': 4980.0, '2025-06-05.1': 2416.0, '2025-06-02.1': 3221.0}
Nickxiee {'avg': 5124.0, 'total': 5124.0, '2025-06-09.1': 5124.0}
Pvegirl {'avg': 5513.0, 'total': 5513.0, '2025-06-09.1': 5513.0}
Mosnotwcb {'avg': 4275.0, 'total': 8550.0, '2025-06-09.1': 5333.0, '2025-06-02.1': 3217.0}
Tebatmar {'avg': 5084.0, 'total': 5084.0, '2025-06-09.1': 5084.0}
Yellowcake {'avg': 4957.0, 'total': 4957.0, '2025-06-09.1': 4957.0}
Gigafrstqt {'avg': 4808.0, 'total': 4808.0, '2025-06-09.1': 4808.0}
Benzina {'avg': 4785.0, 'total': 4785.0, '2025-06-09.1': 4785.0}
Fullplate {'avg': 3129.33, 'total': 9388.0, '2025-06-09.1': 4743.0, '2025-06-06.1': 1812.0, '2025-06-02.1': 2833.0}
Simonas {'avg': 3130.33, 'total': 9391.0, '2025-06-09.1': 4681.0, '2025-06-06.1': 1827.0, '2025-06-05.1': 2883.0}
Sporr {'avg': 4564.0, 'total': 4564.0, '2025-06-09.1': 4564.0}
Ktlpump {'avg': 4484.0, 'total': 4484.0, '2025-06-09.1': 4484.0}
Mandor {'avg': 3709.5, 'total': 7419.0, '2025-06-09.1': 4614.0, '2025-06-02.1': 2805.0}
Nixennixen {'avg': 3655.33, 'total': 10966.0, '2025-06-09.1': 4264.0, '2025-06-08.1': 4029.0, '2025-06-02.1': 2673.0}
Peacky {'avg': 3338.0, 'total': 6676.0, '2025-06-09.1': 4068.0, '2025-06-02.1': 2608.0}
Mirabella {'avg': 2654.0, 'total': 2654.0, '2025-06-09.1': 2654.0}
Ænema {'avg': 2581.0, 'total': 5162.0, '2025-06-09.1': 3079.0, '2025-06-02.1': 2083.0}
Rubydiamond {'avg': 2833.0, 'total': 2833.0, '2025-06-09.1': 2833.0}
Stikkpilla {'avg': 1835.33, 'total': 5506.0, '2025-06-09.1': 3072.0, '2025-06-07.1': 1421.0, '2025-06-06.1': 1013.0}
Marìa {'avg': 5570.0, 'total': 5570.0, '2025-06-09.1': 5570.0}
Walkover {'avg': 3394.67, 'total': 10184.0, '2025-06-09.1': 3879.0, '2025-06-08.1': 3765.0, '2025-06-02.1': 2540.0}
Dotmeister {'avg': 2565.0, 'total': 2565.0, '2025-06-09.1': 2565.0}
Hamstring {'avg': 5733.33, 'total': 17200.0, '2025-06-09.1': 7219.0, '2025-06-07.2': 5447.0, '2025-06-02.1': 4534.0}
Oinkipoinki {'avg': 5678.5, 'total': 11357.0, '2025-06-09.1': 7219.0, '2025-06-02.1': 4138.0}
Wøx {'avg': 6889.0, 'total': 6889.0, '2025-06-09.1': 6889.0}
Haschel {'avg': 5513.5, 'total': 11027.0, '2025-06-09.1': 6889.0, '2025-06-02.1': 4138.0}
Colmanotiny {'avg': 5044.5, 'total': 10089.0, '2025-06-09.1': 6242.0, '2025-06-02.1': 3847.0}
Ketaschep {'avg': 5064.0, 'total': 5064.0, '2025-06-09.1': 5064.0}
Fallingstate {'avg': 4387.0, 'total': 4387.0, '2025-06-09.1': 4387.0}
Mursupappi {'avg': 3005.67, 'total': 9017.0, '2025-06-09.1': 4445.0, '2025-06-06.1': 1722.0, '2025-06-02.1': 2850.0}
Hilarius {'avg': 4474.0, 'total': 4474.0, '2025-06-09.1': 4474.0}
Aliasmight {'avg': 4669.0, 'total': 4669.0, '2025-06-09.1': 4669.0}
Grollbärchen {'avg': 2953.0, 'total': 5906.0, '2025-06-09.1': 4087.0, '2025-06-06.1': 1819.0}
Tricia {'avg': 2614.5, 'total': 5229.0, '2025-06-09.1': 3812.0, '2025-06-06.2': 1417.0}
Holydady {'avg': 3798.0, 'total': 3798.0, '2025-06-09.1': 3798.0}
Isilyra {'avg': 2601.0, 'total': 10404.0, '2025-06-09.1': 4011.0, '2025-06-06.1': 1616.0, '2025-06-05.1': 2461.0, '2025-06-02.1': 2316.0}
Imblack {'avg': 3463.0, 'total': 3463.0, '2025-06-09.1': 3463.0}
Nights {'avg': 5967.0, 'total': 11934.0, '2025-06-08.1': 5268.0, '2025-06-06.1': 6666.0}
Nosgov {'avg': 6008.0, 'total': 6008.0, '2025-06-08.1': 6008.0}
Warriijet {'avg': 3958.0, 'total': 7916.0, '2025-06-08.1': 4732.0, '2025-06-06.2': 3184.0}
Quezi {'avg': 3986.5, 'total': 7973.0, '2025-06-08.1': 4721.0, '2025-06-05.2': 3252.0}
Scoop {'avg': 5065.0, 'total': 10130.0, '2025-06-08.1': 4498.0, '2025-06-04.1': 5632.0}
Warrdead {'avg': 5179.5, 'total': 10359.0, '2025-06-08.1': 4634.0, '2025-06-06.1': 5725.0}
Georgepig {'avg': 4328.5, 'total': 8657.0, '2025-06-08.1': 4513.0, '2025-06-05.1': 4144.0}
Lilwarley {'avg': 3673.5, 'total': 7347.0, '2025-06-08.1': 4295.0, '2025-06-02.1': 3052.0}
Giken {'avg': 4231.0, 'total': 4231.0, '2025-06-08.1': 4231.0}
Idsapthatt {'avg': 3888.0, 'total': 7776.0, '2025-06-08.1': 3921.0, '2025-06-05.1': 3855.0}
Jezuz {'avg': 3874.0, 'total': 3874.0, '2025-06-08.1': 3874.0}
Mechalina {'avg': 4359.0, 'total': 8718.0, '2025-06-08.1': 5381.0, '2025-06-06.2': 3337.0}
Spor {'avg': 2992.67, 'total': 8978.0, '2025-06-08.1': 3765.0, '2025-06-03.1': 972.0, '2025-06-02.2': 4241.0}
Ktlx {'avg': 4283.5, 'total': 8567.0, '2025-06-08.1': 3601.0, '2025-06-05.1': 4966.0}
Bijboaca {'avg': 5678.0, 'total': 5678.0, '2025-06-08.1': 5678.0}
Quipp {'avg': 2674.5, 'total': 5349.0, '2025-06-08.1': 2849.0, '2025-06-07.2': 2500.0}
Saí {'avg': 2882.0, 'total': 5764.0, '2025-06-08.1': 2991.0, '2025-06-07.2': 2773.0}
Namez {'avg': 2290.0, 'total': 4580.0, '2025-06-08.1': 2553.0, '2025-06-04.1': 2027.0}
Whoopzz {'avg': 4983.0, 'total': 4983.0, '2025-06-08.1': 4983.0}
Salia {'avg': 3155.5, 'total': 6311.0, '2025-06-08.1': 3857.0, '2025-06-07.1': 2454.0}
Pendlicious {'avg': 2427.0, 'total': 7281.0, '2025-06-08.1': 1957.0, '2025-06-04.1': 3515.0, '2025-06-02.1': 1809.0}
Ababolatodav {'avg': 1653.0, 'total': 1653.0, '2025-06-08.1': 1653.0}
Krobianqt {'avg': 6590.5, 'total': 13181.0, '2025-06-08.1': 8100.0, '2025-06-07.1': 5081.0}
Zelor {'avg': 5610.5, 'total': 11221.0, '2025-06-08.1': 5721.0, '2025-06-05.1': 5500.0}
Strommi {'avg': 4571.0, 'total': 9142.0, '2025-06-08.1': 5368.0, '2025-06-03.1': 3774.0}
Skysong {'avg': 7389.0, 'total': 7389.0, '2025-06-08.1': 7389.0}
Climaxz {'avg': 5132.5, 'total': 10265.0, '2025-06-08.1': 4567.0, '2025-06-04.1': 5698.0}
Alpha {'avg': 3668.5, 'total': 7337.0, '2025-06-08.1': 4225.0, '2025-06-06.2': 3112.0}
Nickxioo {'avg': 3803.5, 'total': 7607.0, '2025-06-08.1': 4151.0, '2025-06-07.1': 3456.0}
Stress {'avg': 3909.0, 'total': 3909.0, '2025-06-08.1': 3909.0}
Pillaadin {'avg': 4699.0, 'total': 4699.0, '2025-06-08.1': 4699.0}
Ikeaa {'avg': 3324.67, 'total': 9974.0, '2025-06-08.1': 3214.0, '2025-06-04.1': 4233.0, '2025-06-03.1': 2527.0}
Senra {'avg': 3119.0, 'total': 3119.0, '2025-06-08.1': 3119.0}
Pantherion {'avg': 3163.5, 'total': 6327.0, '2025-06-08.1': 4123.0, '2025-06-06.2': 2204.0}
Bepantena {'avg': 2923.0, 'total': 2923.0, '2025-06-08.1': 2923.0}
Eggnocx {'avg': 7035.0, 'total': 7035.0, '2025-06-08.1': 7035.0}
Thicfury {'avg': 3074.4, 'total': 15372.0, '2025-06-08.1': 6638.0, '2025-06-07.1': 1779.0, '2025-06-06.2': 3338.0, '2025-06-03.1': 1523.0, '2025-06-02.2': 2094.0}
Pvebanana {'avg': 6425.0, 'total': 6425.0, '2025-06-08.1': 6425.0}
Shortstuff {'avg': 6400.0, 'total': 6400.0, '2025-06-08.1': 6400.0}
Hp {'avg': 6180.0, 'total': 6180.0, '2025-06-08.1': 6180.0}
Rah {'avg': 6029.0, 'total': 6029.0, '2025-06-08.1': 6029.0}
Azuremuffin {'avg': 5871.0, 'total': 5871.0, '2025-06-08.1': 5871.0}
Barknobite {'avg': 5499.0, 'total': 5499.0, '2025-06-08.1': 5499.0}
Dolanpump {'avg': 3886.0, 'total': 7772.0, '2025-06-08.1': 5837.0, '2025-06-07.1': 1935.0}
Artthass {'avg': 5644.0, 'total': 5644.0, '2025-06-08.1': 5644.0}
Dvp {'avg': 5159.0, 'total': 5159.0, '2025-06-08.1': 5159.0}
Erayzer {'avg': 4822.0, 'total': 4822.0, '2025-06-08.1': 4822.0}
Paula {'avg': 4766.0, 'total': 4766.0, '2025-06-08.1': 4766.0}
Janjá {'avg': 4124.0, 'total': 4124.0, '2025-06-08.1': 4124.0}
Zipperli {'avg': 5340.0, 'total': 5340.0, '2025-06-08.1': 5340.0}
Sorfin {'avg': 3003.5, 'total': 6007.0, '2025-06-08.1': 4514.0, '2025-06-07.1': 1493.0}
Biddown {'avg': 2416.0, 'total': 9664.0, '2025-06-08.1': 4059.0, '2025-06-06.1': 1509.0, '2025-06-05.1': 1920.0, '2025-06-03.1': 2176.0}
Titaniùm {'avg': 4022.0, 'total': 4022.0, '2025-06-08.1': 4022.0}
Nusplie {'avg': 3778.0, 'total': 3778.0, '2025-06-08.1': 3778.0}
Myln {'avg': 4499.0, 'total': 4499.0, '2025-06-08.1': 4499.0}
Jambi {'avg': 3119.0, 'total': 3119.0, '2025-06-08.1': 3119.0}
Pxy {'avg': 4748.0, 'total': 4748.0, '2025-06-08.1': 4748.0}
Catschen {'avg': 6258.0, 'total': 6258.0, '2025-06-08.1': 6258.0}
Tusqer {'avg': 8474.0, 'total': 8474.0, '2025-06-08.1': 8474.0}
Nickxie {'avg': 5333.5, 'total': 10667.0, '2025-06-08.1': 7736.0, '2025-06-04.1': 2931.0}
Oinkipoink {'avg': 5937.0, 'total': 11874.0, '2025-06-08.1': 7736.0, '2025-06-02.1': 4138.0}
Dejlia {'avg': 7736.0, 'total': 7736.0, '2025-06-08.1': 7736.0}
Stormmis {'avg': 3820.33, 'total': 11461.0, '2025-06-08.1': 7563.0, '2025-06-06.1': 2385.0, '2025-06-03.1': 1513.0}
Rnw {'avg': 4317.5, 'total': 8635.0, '2025-06-08.1': 6255.0, '2025-06-04.1': 2380.0}
Pendsito {'avg': 5743.0, 'total': 5743.0, '2025-06-08.1': 5743.0}
Anykey {'avg': 4831.0, 'total': 4831.0, '2025-06-08.1': 4831.0}
Lightgodx {'avg': 5144.0, 'total': 5144.0, '2025-06-08.1': 5144.0}
Arasuruv {'avg': 3672.75, 'total': 29382.0, '2025-06-08.1': 5304.0, '2025-06-07.1': 1628.0, '2025-06-06.2': 3261.0, '2025-06-06.1': 5172.0, '2025-06-05.2': 2952.0, '2025-06-05.1': 2102.0, '2025-06-04.1': 5785.0, '2025-06-03.1': 3178.0}
Prodor {'avg': 4646.0, 'total': 4646.0, '2025-06-08.1': 4646.0}
Vendorbait {'avg': 5088.0, 'total': 5088.0, '2025-06-08.1': 5088.0}
Hips {'avg': 4736.0, 'total': 4736.0, '2025-06-08.1': 4736.0}
Tizanidin {'avg': 3335.0, 'total': 3335.0, '2025-06-08.1': 3335.0}
Kankan {'avg': 3312.67, 'total': 9938.0, '2025-06-07.1': 4748.0, '2025-06-06.2': 3920.0, '2025-06-03.1': 1270.0}
Katashi {'avg': 3508.0, 'total': 3508.0, '2025-06-07.1': 3508.0}
Habiibi {'avg': 2909.0, 'total': 2909.0, '2025-06-07.1': 2909.0}
Tusqai {'avg': 2468.0, 'total': 2468.0, '2025-06-07.1': 2468.0}
Samo {'avg': 2093.0, 'total': 2093.0, '2025-06-07.1': 2093.0}
Flicnlic {'avg': 2483.0, 'total': 4966.0, '2025-06-07.1': 2714.0, '2025-06-06.2': 2252.0}
Eoria {'avg': 1964.0, 'total': 1964.0, '2025-06-07.1': 1964.0}
Dontworri {'avg': 1537.0, 'total': 1537.0, '2025-06-07.1': 1537.0}
Inthebin {'avg': 2874.0, 'total': 8622.0, '2025-06-07.1': 1792.0, '2025-06-06.2': 1674.0, '2025-06-06.1': 5156.0}
Infact {'avg': 2791.0, 'total': 5582.0, '2025-06-07.1': 1692.0, '2025-06-02.2': 3890.0}
Cocostegui {'avg': 2162.0, 'total': 4324.0, '2025-06-07.1': 1655.0, '2025-06-07.2': 2669.0}
Aye {'avg': 2269.0, 'total': 2269.0, '2025-06-07.1': 2269.0}
Lilzelts {'avg': 2324.67, 'total': 6974.0, '2025-06-07.1': 1459.0, '2025-06-06.1': 1190.0, '2025-06-05.2': 4325.0}
Exile {'avg': 3238.0, 'total': 6476.0, '2025-06-07.1': 1553.0, '2025-06-04.1': 4923.0}
Cocosteguii {'avg': 1164.0, 'total': 1164.0, '2025-06-07.1': 1164.0}
Whoopwhoopz {'avg': 938.0, 'total': 1876.0, '2025-06-07.1': 1281.0, '2025-06-03.1': 595.0}
Tulsadoom {'avg': 2176.0, 'total': 6528.0, '2025-06-07.1': 2213.0, '2025-06-06.2': 1778.0, '2025-06-05.2': 2537.0}
Akagamii {'avg': 1010.0, 'total': 1010.0, '2025-06-07.1': 1010.0}
Mechayap {'avg': 1700.33, 'total': 5101.0, '2025-06-07.1': 1187.0, '2025-06-03.1': 619.0, '2025-06-02.2': 3295.0}
Younglock {'avg': 2440.0, 'total': 4880.0, '2025-06-07.1': 2485.0, '2025-06-06.2': 2395.0}
Deumeu {'avg': 1065.0, 'total': 2130.0, '2025-06-07.1': 791.0, '2025-06-06.2': 1339.0}
Revenge {'avg': 1255.5, 'total': 2511.0, '2025-06-07.1': 877.0, '2025-06-07.2': 1634.0}
Supmaria {'avg': 809.0, 'total': 2427.0, '2025-06-07.1': 577.0, '2025-06-07.2': 1070.0, '2025-06-06.2': 780.0}
Minithai {'avg': 463.0, 'total': 926.0, '2025-06-07.1': 430.0, '2025-06-06.2': 496.0}
Fullback {'avg': 4638.0, 'total': 4638.0, '2025-06-07.1': 4638.0}
Rimela {'avg': 2445.0, 'total': 2445.0, '2025-06-07.1': 2445.0}
Letmehealyou {'avg': 4270.5, 'total': 8541.0, '2025-06-07.1': 2447.0, '2025-06-06.1': 6094.0}
Atrew {'avg': 2674.5, 'total': 5349.0, '2025-06-07.1': 2103.0, '2025-06-03.1': 3246.0}
Uncleducki {'avg': 3774.0, 'total': 3774.0, '2025-06-07.1': 3774.0}
Nevve {'avg': 1451.0, 'total': 2902.0, '2025-06-07.1': 1775.0, '2025-06-03.1': 1127.0}
Wtsrend {'avg': 1768.0, 'total': 1768.0, '2025-06-07.1': 1768.0}
Dougle {'avg': 1734.0, 'total': 1734.0, '2025-06-07.1': 1734.0}
Lahierbas {'avg': 2635.67, 'total': 7907.0, '2025-06-07.1': 1697.0, '2025-06-06.2': 1688.0, '2025-06-04.1': 4522.0}
Stromy {'avg': 2827.67, 'total': 8483.0, '2025-06-07.1': 1679.0, '2025-06-06.2': 1735.0, '2025-06-06.1': 5069.0}
Phemme {'avg': 1756.0, 'total': 1756.0, '2025-06-07.1': 1756.0}
Ashanie {'avg': 2655.5, 'total': 5311.0, '2025-06-07.1': 1491.0, '2025-06-02.2': 3820.0}
Kankanx {'avg': 4903.0, 'total': 4903.0, '2025-06-07.2': 4903.0}
Oillordx {'avg': 5148.5, 'total': 10297.0, '2025-06-07.2': 4820.0, '2025-06-02.2': 5477.0}
Aerokdelcycl {'avg': 3498.0, 'total': 6996.0, '2025-06-07.2': 4425.0, '2025-06-03.1': 2571.0}
Vanka {'avg': 4116.0, 'total': 4116.0, '2025-06-07.2': 4116.0}
Pvemom {'avg': 4071.0, 'total': 4071.0, '2025-06-07.2': 4071.0}
Canttwo {'avg': 4064.0, 'total': 4064.0, '2025-06-07.2': 4064.0}
Ize {'avg': 3733.0, 'total': 3733.0, '2025-06-07.2': 3733.0}
Thunderfurý {'avg': 3070.5, 'total': 6141.0, '2025-06-07.2': 3954.0, '2025-06-07.1': 2187.0}
Xuck {'avg': 3345.5, 'total': 6691.0, '2025-06-07.2': 3582.0, '2025-06-03.1': 3109.0}
Rekerina {'avg': 2467.0, 'total': 4934.0, '2025-06-07.2': 3553.0, '2025-06-03.1': 1381.0}
Drenched {'avg': 3508.0, 'total': 3508.0, '2025-06-07.2': 3508.0}
Shibo {'avg': 3271.0, 'total': 3271.0, '2025-06-07.2': 3271.0}
Jimmy {'avg': 2281.5, 'total': 4563.0, '2025-06-07.2': 3168.0, '2025-06-07.1': 1395.0}
Pumpmage {'avg': 2941.0, 'total': 2941.0, '2025-06-07.2': 2941.0}
Mechatroll {'avg': 2028.0, 'total': 4056.0, '2025-06-07.2': 2642.0, '2025-06-05.1': 1414.0}
Darkplace {'avg': 3414.0, 'total': 3414.0, '2025-06-07.2': 3414.0}
Rívench {'avg': 2009.0, 'total': 4018.0, '2025-06-07.2': 2657.0, '2025-06-07.1': 1361.0}
Mystra {'avg': 1760.0, 'total': 3520.0, '2025-06-07.2': 2333.0, '2025-06-04.1': 1187.0}
Velasquez {'avg': 3056.0, 'total': 3056.0, '2025-06-07.2': 3056.0}
Zester {'avg': 3153.0, 'total': 3153.0, '2025-06-07.2': 3153.0}
Chinesename {'avg': 4972.0, 'total': 4972.0, '2025-06-07.2': 4972.0}
Destinations {'avg': 4972.0, 'total': 4972.0, '2025-06-07.2': 4972.0}
Jakej {'avg': 4723.0, 'total': 4723.0, '2025-06-07.2': 4723.0}
Gdkpgeci {'avg': 4284.0, 'total': 4284.0, '2025-06-07.2': 4284.0}
Anestezi {'avg': 4157.0, 'total': 4157.0, '2025-06-07.2': 4157.0}
Pouyapm {'avg': 2588.5, 'total': 5177.0, '2025-06-07.2': 3670.0, '2025-06-06.2': 1507.0}
Lucker {'avg': 3661.0, 'total': 3661.0, '2025-06-07.2': 3661.0}
Priestli {'avg': 3530.0, 'total': 3530.0, '2025-06-07.2': 3530.0}
Zeltkalis {'avg': 3401.0, 'total': 3401.0, '2025-06-07.2': 3401.0}
Agyaire {'avg': 3004.0, 'total': 3004.0, '2025-06-07.2': 3004.0}
Milarii {'avg': 3053.0, 'total': 3053.0, '2025-06-07.2': 3053.0}
Darkraddan {'avg': 2015.67, 'total': 6047.0, '2025-06-07.2': 2832.0, '2025-06-06.1': 1461.0, '2025-06-05.1': 1754.0}
Requíem {'avg': 1789.0, 'total': 1789.0, '2025-06-07.2': 1789.0}
Sunderslave {'avg': 3996.0, 'total': 3996.0, '2025-06-07.1': 3996.0}
Obivankanobi {'avg': 3809.0, 'total': 3809.0, '2025-06-07.1': 3809.0}
Avp {'avg': 3778.0, 'total': 3778.0, '2025-06-07.1': 3778.0}
Wrathzor {'avg': 3583.0, 'total': 3583.0, '2025-06-07.1': 3583.0}
Shatex {'avg': 3759.0, 'total': 3759.0, '2025-06-07.1': 3759.0}
Sodnotwithme {'avg': 2869.33, 'total': 8608.0, '2025-06-07.1': 4023.0, '2025-06-03.1': 1583.0, '2025-06-02.1': 3002.0}
Gannarc {'avg': 3871.0, 'total': 3871.0, '2025-06-07.1': 3871.0}
Stellario {'avg': 3425.0, 'total': 3425.0, '2025-06-07.1': 3425.0}
Integra {'avg': 3195.0, 'total': 3195.0, '2025-06-07.1': 3195.0}
Martini {'avg': 2937.0, 'total': 2937.0, '2025-06-07.1': 2937.0}
Shadowgnome {'avg': 2881.0, 'total': 2881.0, '2025-06-07.1': 2881.0}
Xinda {'avg': 2861.0, 'total': 2861.0, '2025-06-07.1': 2861.0}
Glancéalot {'avg': 2846.0, 'total': 2846.0, '2025-06-07.1': 2846.0}
Angrylinii {'avg': 2659.0, 'total': 2659.0, '2025-06-07.1': 2659.0}
Magierli {'avg': 2779.0, 'total': 2779.0, '2025-06-07.1': 2779.0}
Hideandrun {'avg': 2402.5, 'total': 4805.0, '2025-06-07.1': 2757.0, '2025-06-06.2': 2048.0}
Mursu {'avg': 2679.5, 'total': 5359.0, '2025-06-07.1': 2804.0, '2025-06-03.1': 2555.0}
Blazzex {'avg': 2354.0, 'total': 2354.0, '2025-06-07.1': 2354.0}
Buka {'avg': 1393.0, 'total': 1393.0, '2025-06-07.1': 1393.0}
Turin {'avg': 2558.0, 'total': 2558.0, '2025-06-07.1': 2558.0}
Doomflare {'avg': 3014.0, 'total': 3014.0, '2025-06-07.1': 3014.0}
Optimmus {'avg': 1200.0, 'total': 1200.0, '2025-06-07.1': 1200.0}
Larre {'avg': 3995.0, 'total': 7990.0, '2025-06-07.1': 3751.0, '2025-06-02.2': 4239.0}
Switchblade {'avg': 4638.0, 'total': 4638.0, '2025-06-07.1': 4638.0}
Mechatoxic {'avg': 4406.0, 'total': 4406.0, '2025-06-07.1': 4406.0}
Cq {'avg': 3642.0, 'total': 3642.0, '2025-06-07.1': 3642.0}
Mikasiqt {'avg': 3614.0, 'total': 3614.0, '2025-06-07.1': 3614.0}
Thepriestess {'avg': 3226.0, 'total': 3226.0, '2025-06-07.1': 3226.0}
Dudwhitemane {'avg': 3023.0, 'total': 6046.0, '2025-06-07.1': 3245.0, '2025-06-02.1': 2801.0}
Mikaelson {'avg': 2546.0, 'total': 2546.0, '2025-06-07.1': 2546.0}
Incihan {'avg': 3153.0, 'total': 3153.0, '2025-06-07.1': 3153.0}
Eldragon {'avg': 3142.0, 'total': 3142.0, '2025-06-07.1': 3142.0}
Tóm {'avg': 1509.0, 'total': 1509.0, '2025-06-07.1': 1509.0}
Ariadne {'avg': 2681.0, 'total': 2681.0, '2025-06-07.1': 2681.0}
Wrathzore {'avg': 3975.5, 'total': 7951.0, '2025-06-07.1': 2931.0, '2025-06-05.1': 5020.0}
Pvebro {'avg': 2873.0, 'total': 2873.0, '2025-06-07.1': 2873.0}
Pender {'avg': 4487.5, 'total': 8975.0, '2025-06-07.1': 2788.0, '2025-06-06.1': 6187.0}
Executy {'avg': 2669.0, 'total': 5338.0, '2025-06-07.1': 2409.0, '2025-06-06.2': 2929.0}
Asmonbaldz {'avg': 3185.5, 'total': 6371.0, '2025-06-07.1': 2197.0, '2025-06-05.1': 4174.0}
Zugzuggood {'avg': 3892.0, 'total': 7784.0, '2025-06-07.1': 2837.0, '2025-06-06.1': 4947.0}
Playadingles {'avg': 1990.0, 'total': 1990.0, '2025-06-07.1': 1990.0}
Zasha {'avg': 4310.5, 'total': 8621.0, '2025-06-07.1': 2026.0, '2025-06-04.1': 6595.0}
Furb {'avg': 2950.0, 'total': 5900.0, '2025-06-07.1': 2041.0, '2025-06-05.1': 3859.0}
Flic {'avg': 1628.0, 'total': 1628.0, '2025-06-07.1': 1628.0}
Filliam {'avg': 2400.0, 'total': 2400.0, '2025-06-07.1': 2400.0}
Grollbär {'avg': 2618.0, 'total': 5236.0, '2025-06-07.1': 1481.0, '2025-06-06.1': 3755.0}
Maxiliane {'avg': 1309.0, 'total': 1309.0, '2025-06-07.1': 1309.0}
Bruji {'avg': 2338.0, 'total': 4676.0, '2025-06-07.1': 2014.0, '2025-06-03.1': 2662.0}
Moneyprinter {'avg': 1943.5, 'total': 3887.0, '2025-06-07.1': 1294.0, '2025-06-03.1': 2593.0}
Blackawar {'avg': 1206.5, 'total': 2413.0, '2025-06-07.1': 798.0, '2025-06-05.1': 1615.0}
Catschein {'avg': 2460.5, 'total': 4921.0, '2025-06-07.1': 2280.0, '2025-06-03.1': 2641.0}
Raykio {'avg': 4216.5, 'total': 8433.0, '2025-06-07.1': 3694.0, '2025-06-05.2': 4739.0}
Lycan {'avg': 3105.0, 'total': 3105.0, '2025-06-07.1': 3105.0}
Khalæssi {'avg': 3105.0, 'total': 3105.0, '2025-06-07.1': 3105.0}
Koshmarik {'avg': 2172.0, 'total': 2172.0, '2025-06-07.1': 2172.0}
Jammie {'avg': 2423.5, 'total': 4847.0, '2025-06-07.1': 2006.0, '2025-06-03.1': 2841.0}
Sylvi {'avg': 3277.0, 'total': 6554.0, '2025-06-07.1': 1852.0, '2025-06-06.1': 4702.0}
Invalidxd {'avg': 1773.0, 'total': 1773.0, '2025-06-07.1': 1773.0}
Arinmir {'avg': 2597.67, 'total': 7793.0, '2025-06-07.1': 1637.0, '2025-06-06.2': 2590.0, '2025-06-02.2': 3566.0}
Salvinhobbes {'avg': 2853.0, 'total': 5706.0, '2025-06-07.1': 1599.0, '2025-06-06.1': 4107.0}
Tusqaiqt {'avg': 2326.0, 'total': 2326.0, '2025-06-06.2': 2326.0}
Colmano {'avg': 2584.0, 'total': 5168.0, '2025-06-06.2': 1930.0, '2025-06-03.1': 3238.0}
Furyn {'avg': 1907.0, 'total': 1907.0, '2025-06-06.2': 1907.0}
Deppyqt {'avg': 2277.0, 'total': 2277.0, '2025-06-06.2': 2277.0}
Maelany {'avg': 1704.0, 'total': 1704.0, '2025-06-06.2': 1704.0}
Derpadon {'avg': 1686.0, 'total': 1686.0, '2025-06-06.2': 1686.0}
Zattwo {'avg': 2193.0, 'total': 2193.0, '2025-06-06.2': 2193.0}
Grünerløkka {'avg': 1362.0, 'total': 1362.0, '2025-06-06.2': 1362.0}
Ashanix {'avg': 1285.0, 'total': 1285.0, '2025-06-06.2': 1285.0}
Lesnar {'avg': 2533.5, 'total': 5067.0, '2025-06-06.2': 1447.0, '2025-06-06.1': 3620.0}
Thechampion {'avg': 1044.0, 'total': 1044.0, '2025-06-06.2': 1044.0}
Vierna {'avg': 1153.0, 'total': 1153.0, '2025-06-06.2': 1153.0}
Zeltene {'avg': 1277.0, 'total': 1277.0, '2025-06-06.2': 1277.0}
Whooppz {'avg': 2027.0, 'total': 2027.0, '2025-06-06.2': 2027.0}
Isolde {'avg': 1082.0, 'total': 1082.0, '2025-06-06.2': 1082.0}
Bubbagump {'avg': 841.0, 'total': 841.0, '2025-06-06.2': 841.0}
Tess {'avg': 862.0, 'total': 862.0, '2025-06-06.2': 862.0}
Pachenar {'avg': 681.0, 'total': 681.0, '2025-06-06.2': 681.0}
Swallalala {'avg': 3368.0, 'total': 3368.0, '2025-06-06.2': 3368.0}
Toxicivy {'avg': 2872.0, 'total': 2872.0, '2025-06-06.2': 2872.0}
Churchpewpew {'avg': 2599.5, 'total': 10398.0, '2025-06-06.2': 1529.0, '2025-06-05.2': 3372.0, '2025-06-05.1': 2326.0, '2025-06-03.1': 3171.0}
Krew {'avg': 2373.5, 'total': 4747.0, '2025-06-06.2': 1502.0, '2025-06-05.1': 3245.0}
Vitaminc {'avg': 2887.5, 'total': 5775.0, '2025-06-06.2': 1719.0, '2025-06-06.1': 4056.0}
Gdkpriést {'avg': 1342.0, 'total': 1342.0, '2025-06-06.2': 1342.0}
Aliaskings {'avg': 1488.0, 'total': 1488.0, '2025-06-06.2': 1488.0}
Pillaa {'avg': 1552.0, 'total': 1552.0, '2025-06-06.2': 1552.0}
Kankanmidget {'avg': 4008.0, 'total': 4008.0, '2025-06-06.2': 4008.0}
Bentwo {'avg': 3231.0, 'total': 6462.0, '2025-06-06.2': 3996.0, '2025-06-05.1': 2466.0}
Pendinho {'avg': 3132.0, 'total': 6264.0, '2025-06-06.2': 3623.0, '2025-06-05.1': 2641.0}
Doba {'avg': 3242.0, 'total': 3242.0, '2025-06-06.2': 3242.0}
Pvegodfather {'avg': 3479.0, 'total': 6958.0, '2025-06-06.2': 3416.0, '2025-06-05.1': 3542.0}
Gigafrst {'avg': 4020.0, 'total': 8040.0, '2025-06-06.2': 3079.0, '2025-06-02.2': 4961.0}
Milari {'avg': 2353.0, 'total': 4706.0, '2025-06-06.2': 3170.0, '2025-06-04.1': 1536.0}
Jekkupatteri {'avg': 2933.0, 'total': 2933.0, '2025-06-06.2': 2933.0}
Aliasingite {'avg': 2574.0, 'total': 2574.0, '2025-06-06.2': 2574.0}
Holdmyignite {'avg': 2313.0, 'total': 2313.0, '2025-06-06.2': 2313.0}
Nobuffsimsad {'avg': 2278.0, 'total': 2278.0, '2025-06-06.2': 2278.0}
Kns {'avg': 2311.0, 'total': 2311.0, '2025-06-06.2': 2311.0}
Kløbürste {'avg': 2030.0, 'total': 2030.0, '2025-06-06.2': 2030.0}
Ignitepewpew {'avg': 2263.0, 'total': 2263.0, '2025-06-06.2': 2263.0}
Wonderwomanz {'avg': 1442.0, 'total': 4326.0, '2025-06-06.2': 1379.0, '2025-06-05.1': 1355.0, '2025-06-02.1': 1592.0}
Dxntdrown {'avg': 1752.0, 'total': 1752.0, '2025-06-06.2': 1752.0}
Awman {'avg': 1581.0, 'total': 1581.0, '2025-06-06.2': 1581.0}
Catschin {'avg': 2673.67, 'total': 8021.0, '2025-06-06.2': 3381.0, '2025-06-06.1': 2013.0, '2025-06-05.1': 2627.0}
Ae {'avg': 1678.0, 'total': 1678.0, '2025-06-06.2': 1678.0}
Ducky {'avg': 3201.0, 'total': 6402.0, '2025-06-06.2': 4581.0, '2025-06-03.1': 1821.0}
Misswar {'avg': 3770.5, 'total': 7541.0, '2025-06-06.2': 4181.0, '2025-06-04.1': 3360.0}
Kourona {'avg': 4181.0, 'total': 4181.0, '2025-06-06.2': 4181.0}
Zelts {'avg': 4181.0, 'total': 4181.0, '2025-06-06.2': 4181.0}
Darikus {'avg': 3481.0, 'total': 3481.0, '2025-06-06.2': 3481.0}
Whitemate {'avg': 3161.0, 'total': 3161.0, '2025-06-06.2': 3161.0}
Larrymuscles {'avg': 2572.0, 'total': 5144.0, '2025-06-06.2': 3436.0, '2025-06-04.1': 1708.0}
Ashania {'avg': 2410.0, 'total': 2410.0, '2025-06-06.2': 2410.0}
Shazavdela {'avg': 2168.0, 'total': 4336.0, '2025-06-06.2': 2742.0, '2025-06-03.1': 1594.0}
Oneshotpala {'avg': 621.75, 'total': 2487.0, '2025-06-06.2': 328.0, '2025-06-05.1': 1277.0, '2025-06-03.1': 274.0, '2025-06-02.2': 608.0}
Benone {'avg': 6793.0, 'total': 6793.0, '2025-06-06.1': 6793.0}
Pvejunkie {'avg': 6148.0, 'total': 6148.0, '2025-06-06.1': 6148.0}
Speed {'avg': 5556.0, 'total': 5556.0, '2025-06-06.1': 5556.0}
Mechapomp {'avg': 3103.33, 'total': 9310.0, '2025-06-06.1': 5580.0, '2025-06-04.1': 1210.0, '2025-06-02.1': 2520.0}
Olppa {'avg': 5547.0, 'total': 5547.0, '2025-06-06.1': 5547.0}
Kreizo {'avg': 3346.5, 'total': 6693.0, '2025-06-06.1': 4924.0, '2025-06-05.1': 1769.0}
Brune {'avg': 4821.0, 'total': 4821.0, '2025-06-06.1': 4821.0}
Calgacus {'avg': 4720.0, 'total': 4720.0, '2025-06-06.1': 4720.0}
Pillaalund {'avg': 3762.0, 'total': 7524.0, '2025-06-06.1': 4477.0, '2025-06-02.2': 3047.0}
Malegender {'avg': 3846.0, 'total': 3846.0, '2025-06-06.1': 3846.0}
Depresifwar {'avg': 5287.5, 'total': 10575.0, '2025-06-06.1': 7053.0, '2025-06-03.1': 3522.0}
Ui {'avg': 3874.0, 'total': 3874.0, '2025-06-06.1': 3874.0}
Margel {'avg': 2087.0, 'total': 2087.0, '2025-06-06.1': 2087.0}
Kilpikirsi {'avg': 7053.0, 'total': 7053.0, '2025-06-06.1': 7053.0}
Kazig {'avg': 2500.5, 'total': 5001.0, '2025-06-06.1': 3968.0, '2025-06-03.1': 1033.0}
Redkiller {'avg': 2107.5, 'total': 4215.0, '2025-06-06.1': 3199.0, '2025-06-03.1': 1016.0}
Aliashot {'avg': 3548.33, 'total': 10645.0, '2025-06-06.1': 5705.0, '2025-06-03.1': 1594.0, '2025-06-02.1': 3346.0}
Nurglé {'avg': 1959.0, 'total': 1959.0, '2025-06-06.1': 1959.0}
Ursamajor {'avg': 6439.0, 'total': 12878.0, '2025-06-06.1': 7053.0, '2025-06-02.2': 5825.0}
Mobz {'avg': 1946.0, 'total': 1946.0, '2025-06-06.1': 1946.0}
Raykiodead {'avg': 3304.0, 'total': 6608.0, '2025-06-06.1': 2010.0, '2025-06-05.1': 4598.0}
Nickxio {'avg': 5313.0, 'total': 5313.0, '2025-06-06.1': 5313.0}
Mallena {'avg': 3648.33, 'total': 10945.0, '2025-06-06.1': 5153.0, '2025-06-04.1': 1803.0, '2025-06-02.2': 3989.0}
Healjezelf {'avg': 4611.0, 'total': 4611.0, '2025-06-06.1': 4611.0}
Suttura {'avg': 4452.0, 'total': 4452.0, '2025-06-06.1': 4452.0}
Diddydodat {'avg': 1397.0, 'total': 1397.0, '2025-06-06.1': 1397.0}
Briannielsen {'avg': 2866.0, 'total': 5732.0, '2025-06-06.1': 3173.0, '2025-06-02.2': 2559.0}
Pvewhale {'avg': 3536.0, 'total': 7072.0, '2025-06-06.1': 2169.0, '2025-06-05.1': 4903.0}
Skandy {'avg': 2192.5, 'total': 4385.0, '2025-06-06.1': 1816.0, '2025-06-05.1': 2569.0}
Korsag {'avg': 3433.33, 'total': 10300.0, '2025-06-06.1': 1724.0, '2025-06-05.1': 2581.0, '2025-06-04.1': 5995.0}
Bobsn {'avg': 1704.0, 'total': 1704.0, '2025-06-06.1': 1704.0}
Fatulolo {'avg': 3435.0, 'total': 10305.0, '2025-06-06.1': 2506.0, '2025-06-05.1': 3718.0, '2025-06-03.1': 4081.0}
Onepointeigh {'avg': 1922.33, 'total': 5767.0, '2025-06-06.1': 1592.0, '2025-06-05.2': 2674.0, '2025-06-05.1': 1501.0}
Devinn {'avg': 3054.67, 'total': 9164.0, '2025-06-06.1': 1693.0, '2025-06-05.1': 2280.0, '2025-06-04.1': 5191.0}
Playadonna {'avg': 1443.0, 'total': 1443.0, '2025-06-06.1': 1443.0}
Piepschuim {'avg': 1585.5, 'total': 3171.0, '2025-06-06.1': 1293.0, '2025-06-05.1': 1878.0}
Tichondria {'avg': 1222.0, 'total': 1222.0, '2025-06-06.1': 1222.0}
Xena {'avg': 1731.0, 'total': 1731.0, '2025-06-06.1': 1731.0}
Freyna {'avg': 2201.0, 'total': 6603.0, '2025-06-06.1': 1121.0, '2025-06-05.1': 3172.0, '2025-06-03.1': 2310.0}
Kenthar {'avg': 1095.0, 'total': 1095.0, '2025-06-06.1': 1095.0}
Reinous {'avg': 1576.0, 'total': 1576.0, '2025-06-06.1': 1576.0}
Morrgrimshow {'avg': 2458.5, 'total': 4917.0, '2025-06-06.1': 1589.0, '2025-06-05.2': 3328.0}
Doublep {'avg': 959.5, 'total': 1919.0, '2025-06-06.1': 987.0, '2025-06-05.1': 932.0}
Alabasta {'avg': 975.0, 'total': 975.0, '2025-06-06.1': 975.0}
Pikachù {'avg': 849.0, 'total': 849.0, '2025-06-06.1': 849.0}
Imugem {'avg': 1283.0, 'total': 1283.0, '2025-06-06.1': 1283.0}
Kloppspaten {'avg': 4241.0, 'total': 12723.0, '2025-06-06.1': 3891.0, '2025-06-05.1': 4263.0, '2025-06-03.1': 4569.0}
Cunnimaster {'avg': 2108.5, 'total': 4217.0, '2025-06-06.1': 1800.0, '2025-06-05.1': 2417.0}
Geilerdiddy {'avg': 1458.0, 'total': 1458.0, '2025-06-06.1': 1458.0}
Ikhealjewel {'avg': 1626.0, 'total': 1626.0, '2025-06-06.1': 1626.0}
Gandaros {'avg': 1707.5, 'total': 3415.0, '2025-06-06.1': 1376.0, '2025-06-05.1': 2039.0}
Oubercliry {'avg': 1549.0, 'total': 3098.0, '2025-06-06.1': 1358.0, '2025-06-05.1': 1740.0}
Kikkoheal {'avg': 1322.0, 'total': 1322.0, '2025-06-06.1': 1322.0}
Pvecrackhead {'avg': 3132.5, 'total': 6265.0, '2025-06-05.2': 3738.0, '2025-06-04.1': 2527.0}
Stellariô {'avg': 3704.0, 'total': 3704.0, '2025-06-05.2': 3704.0}
Justahumwar {'avg': 2477.0, 'total': 4954.0, '2025-06-05.2': 3495.0, '2025-06-03.1': 1459.0}
Dreamrage {'avg': 3463.0, 'total': 3463.0, '2025-06-05.2': 3463.0}
Littlemunda {'avg': 3133.0, 'total': 3133.0, '2025-06-05.2': 3133.0}
Exeter {'avg': 3360.0, 'total': 3360.0, '2025-06-05.2': 3360.0}
Hyperboreän {'avg': 2731.5, 'total': 5463.0, '2025-06-05.2': 3167.0, '2025-06-04.1': 2296.0}
Alueto {'avg': 3152.0, 'total': 3152.0, '2025-06-05.2': 3152.0}
Bratan {'avg': 2473.0, 'total': 4946.0, '2025-06-05.2': 3091.0, '2025-06-05.1': 1855.0}
Remozp {'avg': 3274.0, 'total': 3274.0, '2025-06-05.2': 3274.0}
Mechabeam {'avg': 2948.0, 'total': 2948.0, '2025-06-05.2': 2948.0}
Budvarsson {'avg': 2299.5, 'total': 4599.0, '2025-06-05.2': 3021.0, '2025-06-04.1': 1578.0}
Stillard {'avg': 2821.0, 'total': 2821.0, '2025-06-05.2': 2821.0}
Grzpxopwnz {'avg': 2205.0, 'total': 2205.0, '2025-06-05.2': 2205.0}
Alanford {'avg': 4325.0, 'total': 4325.0, '2025-06-05.2': 4325.0}
Roguemander {'avg': 2682.0, 'total': 2682.0, '2025-06-05.2': 2682.0}
Pharrell {'avg': 2165.0, 'total': 2165.0, '2025-06-05.2': 2165.0}
Bigglewiggle {'avg': 2231.0, 'total': 4462.0, '2025-06-05.2': 2669.0, '2025-06-04.1': 1793.0}
Zivit {'avg': 4325.0, 'total': 4325.0, '2025-06-05.2': 4325.0}
Orangevening {'avg': 2658.0, 'total': 2658.0, '2025-06-05.2': 2658.0}
Starfire {'avg': 1848.0, 'total': 1848.0, '2025-06-05.2': 1848.0}
Roxx {'avg': 1651.0, 'total': 1651.0, '2025-06-05.2': 1651.0}
Gorillah {'avg': 908.0, 'total': 1816.0, '2025-06-05.2': 1166.0, '2025-06-04.1': 650.0}
Strommis {'avg': 3314.0, 'total': 6628.0, '2025-06-05.2': 4214.0, '2025-06-04.1': 2414.0}
Glancealott {'avg': 3277.0, 'total': 3277.0, '2025-06-05.2': 3277.0}
Raenla {'avg': 3360.0, 'total': 3360.0, '2025-06-05.2': 3360.0}
Teesnjak {'avg': 3011.0, 'total': 3011.0, '2025-06-05.2': 3011.0}
Marenghi {'avg': 2931.0, 'total': 2931.0, '2025-06-05.2': 2931.0}
Antor {'avg': 1637.33, 'total': 4912.0, '2025-06-05.2': 2735.0, '2025-06-04.1': 1413.0, '2025-06-03.1': 764.0}
Highlordbane {'avg': 2630.0, 'total': 2630.0, '2025-06-05.2': 2630.0}
Veas {'avg': 2307.0, 'total': 2307.0, '2025-06-05.2': 2307.0}
Bòóm {'avg': 1725.0, 'total': 1725.0, '2025-06-05.2': 1725.0}
Morrgrims {'avg': 4807.0, 'total': 4807.0, '2025-06-05.1': 4807.0}
Braadprick {'avg': 4512.0, 'total': 4512.0, '2025-06-05.1': 4512.0}
Dishân {'avg': 4449.0, 'total': 4449.0, '2025-06-05.1': 4449.0}
Milanbank {'avg': 4253.0, 'total': 4253.0, '2025-06-05.1': 4253.0}
Larry {'avg': 4203.0, 'total': 4203.0, '2025-06-05.1': 4203.0}
Littlewar {'avg': 3602.0, 'total': 3602.0, '2025-06-05.1': 3602.0}
Eldermage {'avg': 3537.0, 'total': 3537.0, '2025-06-05.1': 3537.0}
Shadowkid {'avg': 4347.0, 'total': 4347.0, '2025-06-05.1': 4347.0}
Oilmeup {'avg': 2207.0, 'total': 4414.0, '2025-06-05.1': 2660.0, '2025-06-04.1': 1754.0}
Tallack {'avg': 3011.0, 'total': 3011.0, '2025-06-05.1': 3011.0}
Kimmy {'avg': 2520.0, 'total': 5040.0, '2025-06-05.1': 3216.0, '2025-06-04.1': 1824.0}
Fridolein {'avg': 2211.0, 'total': 2211.0, '2025-06-05.1': 2211.0}
Nickxiiee {'avg': 5500.0, 'total': 5500.0, '2025-06-05.1': 5500.0}
Zive {'avg': 5662.5, 'total': 11325.0, '2025-06-05.1': 5500.0, '2025-06-02.2': 5825.0}
Kimpis {'avg': 4450.0, 'total': 4450.0, '2025-06-05.1': 4450.0}
Slimcravy {'avg': 902.0, 'total': 902.0, '2025-06-05.1': 902.0}
Cosmos {'avg': 3025.0, 'total': 3025.0, '2025-06-05.1': 3025.0}
Alias {'avg': 6025.0, 'total': 6025.0, '2025-06-05.1': 6025.0}
Colmanogrief {'avg': 5281.0, 'total': 5281.0, '2025-06-05.1': 5281.0}
Miicksama {'avg': 4696.0, 'total': 4696.0, '2025-06-05.1': 4696.0}
Holymachiné {'avg': 4279.0, 'total': 4279.0, '2025-06-05.1': 4279.0}
Elevo {'avg': 3859.0, 'total': 3859.0, '2025-06-05.1': 3859.0}
Pilo {'avg': 3438.5, 'total': 6877.0, '2025-06-05.1': 3960.0, '2025-06-02.1': 2917.0}
Peazi {'avg': 3293.0, 'total': 3293.0, '2025-06-05.1': 3293.0}
Noobpriest {'avg': 3194.0, 'total': 3194.0, '2025-06-05.1': 3194.0}
Mechalight {'avg': 3785.0, 'total': 3785.0, '2025-06-05.1': 3785.0}
Deilar {'avg': 2810.5, 'total': 5621.0, '2025-06-05.1': 3319.0, '2025-06-02.1': 2302.0}
Littleleech {'avg': 3067.0, 'total': 3067.0, '2025-06-05.1': 3067.0}
Imrus {'avg': 2435.0, 'total': 2435.0, '2025-06-05.1': 2435.0}
Rozä {'avg': 2242.0, 'total': 2242.0, '2025-06-05.1': 2242.0}
Chicko {'avg': 1798.67, 'total': 5396.0, '2025-06-05.1': 876.0, '2025-06-04.1': 3075.0, '2025-06-03.1': 1445.0}
Treeguyso {'avg': 1431.0, 'total': 1431.0, '2025-06-05.1': 1431.0}
Alnoo {'avg': 4743.5, 'total': 9487.0, '2025-06-05.1': 2974.0, '2025-06-04.1': 6513.0}
Daldaron {'avg': 2337.0, 'total': 2337.0, '2025-06-05.1': 2337.0}
Esmaerie {'avg': 2116.0, 'total': 2116.0, '2025-06-05.1': 2116.0}
Tiarbag {'avg': 2066.0, 'total': 2066.0, '2025-06-05.1': 2066.0}
Krobian {'avg': 3309.0, 'total': 3309.0, '2025-06-04.1': 3309.0}
Antimana {'avg': 2236.0, 'total': 2236.0, '2025-06-04.1': 2236.0}
Auuro {'avg': 2601.0, 'total': 5202.0, '2025-06-04.1': 2098.0, '2025-06-03.1': 3104.0}
Cobra {'avg': 5605.0, 'total': 5605.0, '2025-06-04.1': 5605.0}
Testopower {'avg': 4321.0, 'total': 4321.0, '2025-06-04.1': 4321.0}
Selenax {'avg': 1703.5, 'total': 3407.0, '2025-06-04.1': 1613.0, '2025-06-02.1': 1794.0}
Chikara {'avg': 3929.0, 'total': 3929.0, '2025-06-04.1': 3929.0}
Furp {'avg': 1587.0, 'total': 1587.0, '2025-06-04.1': 1587.0}
Flamewalker {'avg': 6013.0, 'total': 6013.0, '2025-06-04.1': 6013.0}
Deathx {'avg': 1788.5, 'total': 3577.0, '2025-06-04.1': 1321.0, '2025-06-02.1': 2256.0}
Venomfang {'avg': 915.0, 'total': 915.0, '2025-06-04.1': 915.0}
Limetto {'avg': 5233.0, 'total': 5233.0, '2025-06-04.1': 5233.0}
Radiconi {'avg': 887.0, 'total': 887.0, '2025-06-04.1': 887.0}
Oinkipoinky {'avg': 698.0, 'total': 698.0, '2025-06-04.1': 698.0}
Ameliegd {'avg': 2126.0, 'total': 2126.0, '2025-06-04.1': 2126.0}
Revísoren {'avg': 1411.0, 'total': 2822.0, '2025-06-04.1': 1749.0, '2025-06-03.1': 1073.0}
Supmario {'avg': 4498.0, 'total': 4498.0, '2025-06-04.1': 4498.0}
Dina {'avg': 1418.0, 'total': 1418.0, '2025-06-04.1': 1418.0}
Aleriaa {'avg': 1662.0, 'total': 1662.0, '2025-06-04.1': 1662.0}
Rhenae {'avg': 6862.0, 'total': 6862.0, '2025-06-04.1': 6862.0}
Bigdolly {'avg': 6813.0, 'total': 6813.0, '2025-06-04.1': 6813.0}
Mimie {'avg': 6993.0, 'total': 6993.0, '2025-06-04.1': 6993.0}
Healmepls {'avg': 5918.0, 'total': 5918.0, '2025-06-04.1': 5918.0}
Mechastab {'avg': 5901.0, 'total': 5901.0, '2025-06-04.1': 5901.0}
Hamiit {'avg': 5364.0, 'total': 5364.0, '2025-06-04.1': 5364.0}
Hanswuscht {'avg': 3728.0, 'total': 7456.0, '2025-06-04.1': 4691.0, '2025-06-02.1': 2765.0}
Pewpewone {'avg': 4433.0, 'total': 4433.0, '2025-06-04.1': 4433.0}
Hattz {'avg': 7435.0, 'total': 7435.0, '2025-06-04.1': 7435.0}
Pvemonkey {'avg': 3733.0, 'total': 7466.0, '2025-06-04.1': 4488.0, '2025-06-03.1': 2978.0}
Magedead {'avg': 4351.0, 'total': 4351.0, '2025-06-04.1': 4351.0}
Craazy {'avg': 7212.0, 'total': 7212.0, '2025-06-04.1': 7212.0}
Volux {'avg': 3675.0, 'total': 3675.0, '2025-06-04.1': 3675.0}
Viadz {'avg': 3063.0, 'total': 3063.0, '2025-06-04.1': 3063.0}
Gnomishly {'avg': 7435.0, 'total': 7435.0, '2025-06-04.1': 7435.0}
Hamstringbro {'avg': 8145.0, 'total': 8145.0, '2025-06-04.1': 8145.0}
Colmanotrans {'avg': 6925.0, 'total': 6925.0, '2025-06-04.1': 6925.0}
Ducki {'avg': 4961.0, 'total': 4961.0, '2025-06-04.1': 4961.0}
Taggart {'avg': 5039.0, 'total': 5039.0, '2025-06-04.1': 5039.0}
Varal {'avg': 3668.5, 'total': 7337.0, '2025-06-04.1': 4723.0, '2025-06-03.1': 2614.0}
Healmander {'avg': 4668.0, 'total': 4668.0, '2025-06-04.1': 4668.0}
Hattioz {'avg': 1815.0, 'total': 1815.0, '2025-06-03.1': 1815.0}
Vèri {'avg': 1073.0, 'total': 1073.0, '2025-06-03.1': 1073.0}
Arespanza {'avg': 1423.0, 'total': 1423.0, '2025-06-03.1': 1423.0}
Crtn {'avg': 677.0, 'total': 677.0, '2025-06-03.1': 677.0}
Cunninng {'avg': 767.0, 'total': 767.0, '2025-06-03.1': 767.0}
Skíf {'avg': 702.0, 'total': 702.0, '2025-06-03.1': 702.0}
Rujn {'avg': 1207.0, 'total': 1207.0, '2025-06-03.1': 1207.0}
Arasuru {'avg': 1968.5, 'total': 3937.0, '2025-06-03.1': 676.0, '2025-06-02.2': 3261.0}
Moneyforlife {'avg': 610.0, 'total': 610.0, '2025-06-03.1': 610.0}
Slæy {'avg': 1656.0, 'total': 3312.0, '2025-06-03.1': 426.0, '2025-06-02.2': 2886.0}
Nanimagic {'avg': 225.0, 'total': 225.0, '2025-06-03.1': 225.0}
Azæqt {'avg': 1868.0, 'total': 1868.0, '2025-06-03.1': 1868.0}
Somedots {'avg': 1236.0, 'total': 1236.0, '2025-06-03.1': 1236.0}
Atieshe {'avg': 2524.0, 'total': 5048.0, '2025-06-03.1': 1142.0, '2025-06-02.2': 3906.0}
Zivri {'avg': 1084.0, 'total': 1084.0, '2025-06-03.1': 1084.0}
Mashaya {'avg': 2301.0, 'total': 2301.0, '2025-06-03.1': 2301.0}
Pneuma {'avg': 879.0, 'total': 879.0, '2025-06-03.1': 879.0}
Viraa {'avg': 832.0, 'total': 832.0, '2025-06-03.1': 832.0}
Aco {'avg': 1089.0, 'total': 1089.0, '2025-06-03.1': 1089.0}
Hamstringbot {'avg': 4097.0, 'total': 4097.0, '2025-06-03.1': 4097.0}
Tuckyxdd {'avg': 2941.0, 'total': 2941.0, '2025-06-03.1': 2941.0}
Sublex {'avg': 3600.0, 'total': 3600.0, '2025-06-03.1': 3600.0}
Chuckfinley {'avg': 2145.0, 'total': 2145.0, '2025-06-03.1': 2145.0}
Qoi {'avg': 2359.0, 'total': 2359.0, '2025-06-03.1': 2359.0}
Niteelf {'avg': 2320.0, 'total': 2320.0, '2025-06-03.1': 2320.0}
Benzine {'avg': 4081.0, 'total': 4081.0, '2025-06-03.1': 4081.0}
Ghostfacee {'avg': 1654.0, 'total': 1654.0, '2025-06-03.1': 1654.0}
Undor {'avg': 3877.0, 'total': 3877.0, '2025-06-03.1': 3877.0}
Yuki {'avg': 507.0, 'total': 507.0, '2025-06-03.1': 507.0}
Merinnia {'avg': 2639.0, 'total': 2639.0, '2025-06-03.1': 2639.0}
Shoecleaner {'avg': 2382.0, 'total': 2382.0, '2025-06-03.1': 2382.0}
Esentia {'avg': 1386.0, 'total': 1386.0, '2025-06-03.1': 1386.0}
Nedichydra {'avg': 4330.0, 'total': 4330.0, '2025-06-02.2': 4330.0}
Asta {'avg': 4292.0, 'total': 4292.0, '2025-06-02.2': 4292.0}
Crimsonhaze {'avg': 4202.0, 'total': 4202.0, '2025-06-02.2': 4202.0}
Miilari {'avg': 4042.0, 'total': 4042.0, '2025-06-02.2': 4042.0}
Knifeyminaj {'avg': 3546.0, 'total': 3546.0, '2025-06-02.2': 3546.0}
Depressifwar {'avg': 3722.0, 'total': 3722.0, '2025-06-02.2': 3722.0}
Giammie {'avg': 5257.0, 'total': 5257.0, '2025-06-02.2': 5257.0}
Patrijarh {'avg': 4709.0, 'total': 4709.0, '2025-06-02.2': 4709.0}
Jeffbald {'avg': 4366.0, 'total': 4366.0, '2025-06-02.2': 4366.0}
Arkisnarki {'avg': 3296.0, 'total': 3296.0, '2025-06-02.1': 3296.0}
Epri {'avg': 2901.0, 'total': 2901.0, '2025-06-02.1': 2901.0}
Roxxie {'avg': 2905.0, 'total': 2905.0, '2025-06-02.1': 2905.0}
Shatexbro {'avg': 2378.0, 'total': 2378.0, '2025-06-02.1': 2378.0}
Elaynea {'avg': 2568.0, 'total': 2568.0, '2025-06-02.1': 2568.0}
Dpswarlord {'avg': 1884.0, 'total': 1884.0, '2025-06-02.1': 1884.0}
Trileçe {'avg': 3340.0, 'total': 3340.0, '2025-06-02.1': 3340.0}
Ktlqt {'avg': 3270.0, 'total': 3270.0, '2025-06-02.1': 3270.0}
Flagella {'avg': 2863.0, 'total': 2863.0, '2025-06-02.1': 2863.0}
Vanillagirl {'avg': 2707.0, 'total': 2707.0, '2025-06-02.1': 2707.0}
Adeus {'avg': 2292.0, 'total': 2292.0, '2025-06-02.1': 2292.0}
